--
-- PostgreSQL database dump
--

-- Dumped from database version 15.6
-- Dumped by pg_dump version 15.6

SET statement_timeout = 0;
SET lock_timeout = 0;
SET idle_in_transaction_session_timeout = 0;
SET client_encoding = 'UTF8';
SET standard_conforming_strings = on;
SELECT pg_catalog.set_config('search_path', '', false);
SET check_function_bodies = false;
SET xmloption = content;
SET client_min_messages = warning;
SET row_security = off;

SET default_tablespace = '';

SET default_table_access_method = heap;

--
-- Name: auth_group; Type: TABLE; Schema: public; Owner: eventic_admin
--

CREATE TABLE public.auth_group (
    id integer NOT NULL,
    name character varying(150) NOT NULL
);


ALTER TABLE public.auth_group OWNER TO eventic_admin;

--
-- Name: auth_group_id_seq; Type: SEQUENCE; Schema: public; Owner: eventic_admin
--

ALTER TABLE public.auth_group ALTER COLUMN id ADD GENERATED BY DEFAULT AS IDENTITY (
    SEQUENCE NAME public.auth_group_id_seq
    START WITH 1
    INCREMENT BY 1
    NO MINVALUE
    NO MAXVALUE
    CACHE 1
);


--
-- Name: auth_group_permissions; Type: TABLE; Schema: public; Owner: eventic_admin
--

CREATE TABLE public.auth_group_permissions (
    id bigint NOT NULL,
    group_id integer NOT NULL,
    permission_id integer NOT NULL
);


ALTER TABLE public.auth_group_permissions OWNER TO eventic_admin;

--
-- Name: auth_group_permissions_id_seq; Type: SEQUENCE; Schema: public; Owner: eventic_admin
--

ALTER TABLE public.auth_group_permissions ALTER COLUMN id ADD GENERATED BY DEFAULT AS IDENTITY (
    SEQUENCE NAME public.auth_group_permissions_id_seq
    START WITH 1
    INCREMENT BY 1
    NO MINVALUE
    NO MAXVALUE
    CACHE 1
);


--
-- Name: auth_permission; Type: TABLE; Schema: public; Owner: eventic_admin
--

CREATE TABLE public.auth_permission (
    id integer NOT NULL,
    name character varying(255) NOT NULL,
    content_type_id integer NOT NULL,
    codename character varying(100) NOT NULL
);


ALTER TABLE public.auth_permission OWNER TO eventic_admin;

--
-- Name: auth_permission_id_seq; Type: SEQUENCE; Schema: public; Owner: eventic_admin
--

ALTER TABLE public.auth_permission ALTER COLUMN id ADD GENERATED BY DEFAULT AS IDENTITY (
    SEQUENCE NAME public.auth_permission_id_seq
    START WITH 1
    INCREMENT BY 1
    NO MINVALUE
    NO MAXVALUE
    CACHE 1
);


--
-- Name: django_admin_log; Type: TABLE; Schema: public; Owner: eventic_admin
--

CREATE TABLE public.django_admin_log (
    id integer NOT NULL,
    action_time timestamp with time zone NOT NULL,
    object_id text,
    object_repr character varying(200) NOT NULL,
    action_flag smallint NOT NULL,
    change_message text NOT NULL,
    content_type_id integer,
    user_id bigint NOT NULL,
    CONSTRAINT django_admin_log_action_flag_check CHECK ((action_flag >= 0))
);


ALTER TABLE public.django_admin_log OWNER TO eventic_admin;

--
-- Name: django_admin_log_id_seq; Type: SEQUENCE; Schema: public; Owner: eventic_admin
--

ALTER TABLE public.django_admin_log ALTER COLUMN id ADD GENERATED BY DEFAULT AS IDENTITY (
    SEQUENCE NAME public.django_admin_log_id_seq
    START WITH 1
    INCREMENT BY 1
    NO MINVALUE
    NO MAXVALUE
    CACHE 1
);


--
-- Name: django_celery_beat_clockedschedule; Type: TABLE; Schema: public; Owner: eventic_admin
--

CREATE TABLE public.django_celery_beat_clockedschedule (
    id integer NOT NULL,
    clocked_time timestamp with time zone NOT NULL
);


ALTER TABLE public.django_celery_beat_clockedschedule OWNER TO eventic_admin;

--
-- Name: django_celery_beat_clockedschedule_id_seq; Type: SEQUENCE; Schema: public; Owner: eventic_admin
--

ALTER TABLE public.django_celery_beat_clockedschedule ALTER COLUMN id ADD GENERATED BY DEFAULT AS IDENTITY (
    SEQUENCE NAME public.django_celery_beat_clockedschedule_id_seq
    START WITH 1
    INCREMENT BY 1
    NO MINVALUE
    NO MAXVALUE
    CACHE 1
);


--
-- Name: django_celery_beat_crontabschedule; Type: TABLE; Schema: public; Owner: eventic_admin
--

CREATE TABLE public.django_celery_beat_crontabschedule (
    id integer NOT NULL,
    minute character varying(240) NOT NULL,
    hour character varying(96) NOT NULL,
    day_of_week character varying(64) NOT NULL,
    day_of_month character varying(124) NOT NULL,
    month_of_year character varying(64) NOT NULL,
    timezone character varying(63) NOT NULL
);


ALTER TABLE public.django_celery_beat_crontabschedule OWNER TO eventic_admin;

--
-- Name: django_celery_beat_crontabschedule_id_seq; Type: SEQUENCE; Schema: public; Owner: eventic_admin
--

ALTER TABLE public.django_celery_beat_crontabschedule ALTER COLUMN id ADD GENERATED BY DEFAULT AS IDENTITY (
    SEQUENCE NAME public.django_celery_beat_crontabschedule_id_seq
    START WITH 1
    INCREMENT BY 1
    NO MINVALUE
    NO MAXVALUE
    CACHE 1
);


--
-- Name: django_celery_beat_intervalschedule; Type: TABLE; Schema: public; Owner: eventic_admin
--

CREATE TABLE public.django_celery_beat_intervalschedule (
    id integer NOT NULL,
    every integer NOT NULL,
    period character varying(24) NOT NULL
);


ALTER TABLE public.django_celery_beat_intervalschedule OWNER TO eventic_admin;

--
-- Name: django_celery_beat_intervalschedule_id_seq; Type: SEQUENCE; Schema: public; Owner: eventic_admin
--

ALTER TABLE public.django_celery_beat_intervalschedule ALTER COLUMN id ADD GENERATED BY DEFAULT AS IDENTITY (
    SEQUENCE NAME public.django_celery_beat_intervalschedule_id_seq
    START WITH 1
    INCREMENT BY 1
    NO MINVALUE
    NO MAXVALUE
    CACHE 1
);


--
-- Name: django_celery_beat_periodictask; Type: TABLE; Schema: public; Owner: eventic_admin
--

CREATE TABLE public.django_celery_beat_periodictask (
    id integer NOT NULL,
    name character varying(200) NOT NULL,
    task character varying(200) NOT NULL,
    args text NOT NULL,
    kwargs text NOT NULL,
    queue character varying(200),
    exchange character varying(200),
    routing_key character varying(200),
    expires timestamp with time zone,
    enabled boolean NOT NULL,
    last_run_at timestamp with time zone,
    total_run_count integer NOT NULL,
    date_changed timestamp with time zone NOT NULL,
    description text NOT NULL,
    crontab_id integer,
    interval_id integer,
    solar_id integer,
    one_off boolean NOT NULL,
    start_time timestamp with time zone,
    priority integer,
    headers text NOT NULL,
    clocked_id integer,
    expire_seconds integer,
    CONSTRAINT django_celery_beat_periodictask_expire_seconds_check CHECK ((expire_seconds >= 0)),
    CONSTRAINT django_celery_beat_periodictask_priority_check CHECK ((priority >= 0)),
    CONSTRAINT django_celery_beat_periodictask_total_run_count_check CHECK ((total_run_count >= 0))
);


ALTER TABLE public.django_celery_beat_periodictask OWNER TO eventic_admin;

--
-- Name: django_celery_beat_periodictask_id_seq; Type: SEQUENCE; Schema: public; Owner: eventic_admin
--

ALTER TABLE public.django_celery_beat_periodictask ALTER COLUMN id ADD GENERATED BY DEFAULT AS IDENTITY (
    SEQUENCE NAME public.django_celery_beat_periodictask_id_seq
    START WITH 1
    INCREMENT BY 1
    NO MINVALUE
    NO MAXVALUE
    CACHE 1
);


--
-- Name: django_celery_beat_periodictasks; Type: TABLE; Schema: public; Owner: eventic_admin
--

CREATE TABLE public.django_celery_beat_periodictasks (
    ident smallint NOT NULL,
    last_update timestamp with time zone NOT NULL
);


ALTER TABLE public.django_celery_beat_periodictasks OWNER TO eventic_admin;

--
-- Name: django_celery_beat_solarschedule; Type: TABLE; Schema: public; Owner: eventic_admin
--

CREATE TABLE public.django_celery_beat_solarschedule (
    id integer NOT NULL,
    event character varying(24) NOT NULL,
    latitude numeric(9,6) NOT NULL,
    longitude numeric(9,6) NOT NULL
);


ALTER TABLE public.django_celery_beat_solarschedule OWNER TO eventic_admin;

--
-- Name: django_celery_beat_solarschedule_id_seq; Type: SEQUENCE; Schema: public; Owner: eventic_admin
--

ALTER TABLE public.django_celery_beat_solarschedule ALTER COLUMN id ADD GENERATED BY DEFAULT AS IDENTITY (
    SEQUENCE NAME public.django_celery_beat_solarschedule_id_seq
    START WITH 1
    INCREMENT BY 1
    NO MINVALUE
    NO MAXVALUE
    CACHE 1
);


--
-- Name: django_content_type; Type: TABLE; Schema: public; Owner: eventic_admin
--

CREATE TABLE public.django_content_type (
    id integer NOT NULL,
    app_label character varying(100) NOT NULL,
    model character varying(100) NOT NULL
);


ALTER TABLE public.django_content_type OWNER TO eventic_admin;

--
-- Name: django_content_type_id_seq; Type: SEQUENCE; Schema: public; Owner: eventic_admin
--

ALTER TABLE public.django_content_type ALTER COLUMN id ADD GENERATED BY DEFAULT AS IDENTITY (
    SEQUENCE NAME public.django_content_type_id_seq
    START WITH 1
    INCREMENT BY 1
    NO MINVALUE
    NO MAXVALUE
    CACHE 1
);


--
-- Name: django_migrations; Type: TABLE; Schema: public; Owner: eventic_admin
--

CREATE TABLE public.django_migrations (
    id bigint NOT NULL,
    app character varying(255) NOT NULL,
    name character varying(255) NOT NULL,
    applied timestamp with time zone NOT NULL
);


ALTER TABLE public.django_migrations OWNER TO eventic_admin;

--
-- Name: django_migrations_id_seq; Type: SEQUENCE; Schema: public; Owner: eventic_admin
--

ALTER TABLE public.django_migrations ALTER COLUMN id ADD GENERATED BY DEFAULT AS IDENTITY (
    SEQUENCE NAME public.django_migrations_id_seq
    START WITH 1
    INCREMENT BY 1
    NO MINVALUE
    NO MAXVALUE
    CACHE 1
);


--
-- Name: django_session; Type: TABLE; Schema: public; Owner: eventic_admin
--

CREATE TABLE public.django_session (
    session_key character varying(40) NOT NULL,
    session_data text NOT NULL,
    expire_date timestamp with time zone NOT NULL
);


ALTER TABLE public.django_session OWNER TO eventic_admin;

--
-- Name: events_baseevent; Type: TABLE; Schema: public; Owner: eventic_admin
--

CREATE TABLE public.events_baseevent (
    id bigint NOT NULL,
    title character varying(60) NOT NULL,
    description text NOT NULL,
    price numeric(7,2) NOT NULL,
    address character varying(50) NOT NULL,
    is_active boolean NOT NULL,
    followers bigint NOT NULL,
    category_id bigint,
    city_id bigint NOT NULL,
    organizer_id bigint NOT NULL,
    CONSTRAINT events_baseevent_followers_check CHECK ((followers >= 0))
);


ALTER TABLE public.events_baseevent OWNER TO eventic_admin;

--
-- Name: events_baseevent_id_seq; Type: SEQUENCE; Schema: public; Owner: eventic_admin
--

ALTER TABLE public.events_baseevent ALTER COLUMN id ADD GENERATED BY DEFAULT AS IDENTITY (
    SEQUENCE NAME public.events_baseevent_id_seq
    START WITH 1
    INCREMENT BY 1
    NO MINVALUE
    NO MAXVALUE
    CACHE 1
);


--
-- Name: events_baseevent_interests; Type: TABLE; Schema: public; Owner: eventic_admin
--

CREATE TABLE public.events_baseevent_interests (
    id bigint NOT NULL,
    baseevent_id bigint NOT NULL,
    interests_id bigint NOT NULL
);


ALTER TABLE public.events_baseevent_interests OWNER TO eventic_admin;

--
-- Name: events_baseevent_interests_id_seq; Type: SEQUENCE; Schema: public; Owner: eventic_admin
--

ALTER TABLE public.events_baseevent_interests ALTER COLUMN id ADD GENERATED BY DEFAULT AS IDENTITY (
    SEQUENCE NAME public.events_baseevent_interests_id_seq
    START WITH 1
    INCREMENT BY 1
    NO MINVALUE
    NO MAXVALUE
    CACHE 1
);


--
-- Name: events_baseevent_language; Type: TABLE; Schema: public; Owner: eventic_admin
--

CREATE TABLE public.events_baseevent_language (
    id bigint NOT NULL,
    baseevent_id bigint NOT NULL,
    language_id bigint NOT NULL
);


ALTER TABLE public.events_baseevent_language OWNER TO eventic_admin;

--
-- Name: events_baseevent_language_id_seq; Type: SEQUENCE; Schema: public; Owner: eventic_admin
--

ALTER TABLE public.events_baseevent_language ALTER COLUMN id ADD GENERATED BY DEFAULT AS IDENTITY (
    SEQUENCE NAME public.events_baseevent_language_id_seq
    START WITH 1
    INCREMENT BY 1
    NO MINVALUE
    NO MAXVALUE
    CACHE 1
);


--
-- Name: events_category; Type: TABLE; Schema: public; Owner: eventic_admin
--

CREATE TABLE public.events_category (
    id bigint NOT NULL,
    name character varying(90) NOT NULL,
    slug character varying(80) NOT NULL
);


ALTER TABLE public.events_category OWNER TO eventic_admin;

--
-- Name: events_category_id_seq; Type: SEQUENCE; Schema: public; Owner: eventic_admin
--

ALTER TABLE public.events_category ALTER COLUMN id ADD GENERATED BY DEFAULT AS IDENTITY (
    SEQUENCE NAME public.events_category_id_seq
    START WITH 1
    INCREMENT BY 1
    NO MINVALUE
    NO MAXVALUE
    CACHE 1
);


--
-- Name: events_eventbanner; Type: TABLE; Schema: public; Owner: eventic_admin
--

CREATE TABLE public.events_eventbanner (
    id bigint NOT NULL,
    image character varying(100) NOT NULL,
    is_img_main boolean NOT NULL,
    event_id bigint
);


ALTER TABLE public.events_eventbanner OWNER TO eventic_admin;

--
-- Name: events_eventbanner_id_seq; Type: SEQUENCE; Schema: public; Owner: eventic_admin
--

ALTER TABLE public.events_eventbanner ALTER COLUMN id ADD GENERATED BY DEFAULT AS IDENTITY (
    SEQUENCE NAME public.events_eventbanner_id_seq
    START WITH 1
    INCREMENT BY 1
    NO MINVALUE
    NO MAXVALUE
    CACHE 1
);


--
-- Name: events_eventdate; Type: TABLE; Schema: public; Owner: eventic_admin
--

CREATE TABLE public.events_eventdate (
    eventtime_ptr_id bigint NOT NULL,
    date date NOT NULL,
    temp_id bigint NOT NULL
);


ALTER TABLE public.events_eventdate OWNER TO eventic_admin;

--
-- Name: events_eventtime; Type: TABLE; Schema: public; Owner: eventic_admin
--

CREATE TABLE public.events_eventtime (
    id bigint NOT NULL,
    start_time time without time zone NOT NULL,
    end_time time without time zone NOT NULL
);


ALTER TABLE public.events_eventtime OWNER TO eventic_admin;

--
-- Name: events_eventtime_id_seq; Type: SEQUENCE; Schema: public; Owner: eventic_admin
--

ALTER TABLE public.events_eventtime ALTER COLUMN id ADD GENERATED BY DEFAULT AS IDENTITY (
    SEQUENCE NAME public.events_eventtime_id_seq
    START WITH 1
    INCREMENT BY 1
    NO MINVALUE
    NO MAXVALUE
    CACHE 1
);


--
-- Name: events_interests; Type: TABLE; Schema: public; Owner: eventic_admin
--

CREATE TABLE public.events_interests (
    id bigint NOT NULL,
    name character varying(70) NOT NULL,
    slug character varying(60) NOT NULL
);


ALTER TABLE public.events_interests OWNER TO eventic_admin;

--
-- Name: events_interests_id_seq; Type: SEQUENCE; Schema: public; Owner: eventic_admin
--

ALTER TABLE public.events_interests ALTER COLUMN id ADD GENERATED BY DEFAULT AS IDENTITY (
    SEQUENCE NAME public.events_interests_id_seq
    START WITH 1
    INCREMENT BY 1
    NO MINVALUE
    NO MAXVALUE
    CACHE 1
);


--
-- Name: events_language; Type: TABLE; Schema: public; Owner: eventic_admin
--

CREATE TABLE public.events_language (
    id bigint NOT NULL,
    name character varying(70) NOT NULL,
    name_two character varying(70),
    short_name character varying(20) NOT NULL,
    slug character varying(60) NOT NULL
);


ALTER TABLE public.events_language OWNER TO eventic_admin;

--
-- Name: events_language_id_seq; Type: SEQUENCE; Schema: public; Owner: eventic_admin
--

ALTER TABLE public.events_language ALTER COLUMN id ADD GENERATED BY DEFAULT AS IDENTITY (
    SEQUENCE NAME public.events_language_id_seq
    START WITH 1
    INCREMENT BY 1
    NO MINVALUE
    NO MAXVALUE
    CACHE 1
);


--
-- Name: events_permanentevent; Type: TABLE; Schema: public; Owner: eventic_admin
--

CREATE TABLE public.events_permanentevent (
    baseevent_ptr_id bigint NOT NULL
);


ALTER TABLE public.events_permanentevent OWNER TO eventic_admin;

--
-- Name: events_permanenteventdays; Type: TABLE; Schema: public; Owner: eventic_admin
--

CREATE TABLE public.events_permanenteventdays (
    eventtime_ptr_id bigint NOT NULL,
    event_week character varying(2) NOT NULL,
    permanent_event_id bigint NOT NULL
);


ALTER TABLE public.events_permanenteventdays OWNER TO eventic_admin;

--
-- Name: events_temporaryevent; Type: TABLE; Schema: public; Owner: eventic_admin
--

CREATE TABLE public.events_temporaryevent (
    baseevent_ptr_id bigint NOT NULL
);


ALTER TABLE public.events_temporaryevent OWNER TO eventic_admin;

--
-- Name: invitations_category; Type: TABLE; Schema: public; Owner: eventic_admin
--

CREATE TABLE public.invitations_category (
    id bigint NOT NULL,
    title character varying(30) NOT NULL,
    slug character varying(30) NOT NULL
);


ALTER TABLE public.invitations_category OWNER TO eventic_admin;

--
-- Name: invitations_category_id_seq; Type: SEQUENCE; Schema: public; Owner: eventic_admin
--

ALTER TABLE public.invitations_category ALTER COLUMN id ADD GENERATED BY DEFAULT AS IDENTITY (
    SEQUENCE NAME public.invitations_category_id_seq
    START WITH 1
    INCREMENT BY 1
    NO MINVALUE
    NO MAXVALUE
    CACHE 1
);


--
-- Name: invitations_contact; Type: TABLE; Schema: public; Owner: eventic_admin
--

CREATE TABLE public.invitations_contact (
    id bigint NOT NULL,
    name character varying(30) NOT NULL,
    slug character varying(30) NOT NULL,
    user_id bigint NOT NULL
);


ALTER TABLE public.invitations_contact OWNER TO eventic_admin;

--
-- Name: invitations_contact_id_seq; Type: SEQUENCE; Schema: public; Owner: eventic_admin
--

ALTER TABLE public.invitations_contact ALTER COLUMN id ADD GENERATED BY DEFAULT AS IDENTITY (
    SEQUENCE NAME public.invitations_contact_id_seq
    START WITH 1
    INCREMENT BY 1
    NO MINVALUE
    NO MAXVALUE
    CACHE 1
);


--
-- Name: invitations_image; Type: TABLE; Schema: public; Owner: eventic_admin
--

CREATE TABLE public.invitations_image (
    id bigint NOT NULL,
    image character varying(100) NOT NULL,
    text_color character varying(10) NOT NULL
);


ALTER TABLE public.invitations_image OWNER TO eventic_admin;

--
-- Name: invitations_image_id_seq; Type: SEQUENCE; Schema: public; Owner: eventic_admin
--

ALTER TABLE public.invitations_image ALTER COLUMN id ADD GENERATED BY DEFAULT AS IDENTITY (
    SEQUENCE NAME public.invitations_image_id_seq
    START WITH 1
    INCREMENT BY 1
    NO MINVALUE
    NO MAXVALUE
    CACHE 1
);


--
-- Name: locations_address; Type: TABLE; Schema: public; Owner: eventic_admin
--

CREATE TABLE public.locations_address (
    id bigint NOT NULL,
    address_name character varying(50) NOT NULL,
    slug character varying(50) NOT NULL,
    city_id bigint NOT NULL
);


ALTER TABLE public.locations_address OWNER TO eventic_admin;

--
-- Name: locations_address_id_seq; Type: SEQUENCE; Schema: public; Owner: eventic_admin
--

ALTER TABLE public.locations_address ALTER COLUMN id ADD GENERATED BY DEFAULT AS IDENTITY (
    SEQUENCE NAME public.locations_address_id_seq
    START WITH 1
    INCREMENT BY 1
    NO MINVALUE
    NO MAXVALUE
    CACHE 1
);


--
-- Name: locations_city; Type: TABLE; Schema: public; Owner: eventic_admin
--

CREATE TABLE public.locations_city (
    id bigint NOT NULL,
    city_name character varying(50) NOT NULL,
    slug character varying(50) NOT NULL,
    region_id bigint NOT NULL
);


ALTER TABLE public.locations_city OWNER TO eventic_admin;

--
-- Name: locations_city_id_seq; Type: SEQUENCE; Schema: public; Owner: eventic_admin
--

ALTER TABLE public.locations_city ALTER COLUMN id ADD GENERATED BY DEFAULT AS IDENTITY (
    SEQUENCE NAME public.locations_city_id_seq
    START WITH 1
    INCREMENT BY 1
    NO MINVALUE
    NO MAXVALUE
    CACHE 1
);


--
-- Name: locations_country; Type: TABLE; Schema: public; Owner: eventic_admin
--

CREATE TABLE public.locations_country (
    id bigint NOT NULL,
    country_name character varying(50) NOT NULL,
    slug character varying(50) NOT NULL
);


ALTER TABLE public.locations_country OWNER TO eventic_admin;

--
-- Name: locations_country_id_seq; Type: SEQUENCE; Schema: public; Owner: eventic_admin
--

ALTER TABLE public.locations_country ALTER COLUMN id ADD GENERATED BY DEFAULT AS IDENTITY (
    SEQUENCE NAME public.locations_country_id_seq
    START WITH 1
    INCREMENT BY 1
    NO MINVALUE
    NO MAXVALUE
    CACHE 1
);


--
-- Name: locations_region; Type: TABLE; Schema: public; Owner: eventic_admin
--

CREATE TABLE public.locations_region (
    id bigint NOT NULL,
    region_name character varying(50) NOT NULL,
    slug character varying(50) NOT NULL,
    country_id bigint NOT NULL
);


ALTER TABLE public.locations_region OWNER TO eventic_admin;

--
-- Name: locations_region_id_seq; Type: SEQUENCE; Schema: public; Owner: eventic_admin
--

ALTER TABLE public.locations_region ALTER COLUMN id ADD GENERATED BY DEFAULT AS IDENTITY (
    SEQUENCE NAME public.locations_region_id_seq
    START WITH 1
    INCREMENT BY 1
    NO MINVALUE
    NO MAXVALUE
    CACHE 1
);


--
-- Name: notifications_basenotification; Type: TABLE; Schema: public; Owner: eventic_admin
--

CREATE TABLE public.notifications_basenotification (
    id bigint NOT NULL,
    updated_at timestamp with time zone NOT NULL,
    created_at timestamp with time zone NOT NULL,
    is_seen boolean NOT NULL,
    send_date timestamp with time zone NOT NULL,
    is_sent boolean NOT NULL
);


ALTER TABLE public.notifications_basenotification OWNER TO eventic_admin;

--
-- Name: notifications_basenotification_id_seq; Type: SEQUENCE; Schema: public; Owner: eventic_admin
--

ALTER TABLE public.notifications_basenotification ALTER COLUMN id ADD GENERATED BY DEFAULT AS IDENTITY (
    SEQUENCE NAME public.notifications_basenotification_id_seq
    START WITH 1
    INCREMENT BY 1
    NO MINVALUE
    NO MAXVALUE
    CACHE 1
);


--
-- Name: notifications_followbase; Type: TABLE; Schema: public; Owner: eventic_admin
--

CREATE TABLE public.notifications_followbase (
    id bigint NOT NULL,
    updated_at timestamp with time zone NOT NULL,
    created_at timestamp with time zone NOT NULL,
    user_id bigint NOT NULL
);


ALTER TABLE public.notifications_followbase OWNER TO eventic_admin;

--
-- Name: notifications_followbase_id_seq; Type: SEQUENCE; Schema: public; Owner: eventic_admin
--

ALTER TABLE public.notifications_followbase ALTER COLUMN id ADD GENERATED BY DEFAULT AS IDENTITY (
    SEQUENCE NAME public.notifications_followbase_id_seq
    START WITH 1
    INCREMENT BY 1
    NO MINVALUE
    NO MAXVALUE
    CACHE 1
);


--
-- Name: notifications_followorg; Type: TABLE; Schema: public; Owner: eventic_admin
--

CREATE TABLE public.notifications_followorg (
    followbase_ptr_id bigint NOT NULL,
    organizer_id bigint NOT NULL
);


ALTER TABLE public.notifications_followorg OWNER TO eventic_admin;

--
-- Name: notifications_followperm; Type: TABLE; Schema: public; Owner: eventic_admin
--

CREATE TABLE public.notifications_followperm (
    followbase_ptr_id bigint NOT NULL,
    event_id bigint NOT NULL
);


ALTER TABLE public.notifications_followperm OWNER TO eventic_admin;

--
-- Name: notifications_followtemp; Type: TABLE; Schema: public; Owner: eventic_admin
--

CREATE TABLE public.notifications_followtemp (
    followbase_ptr_id bigint NOT NULL,
    event_id bigint NOT NULL
);


ALTER TABLE public.notifications_followtemp OWNER TO eventic_admin;

--
-- Name: notifications_organizationnotification; Type: TABLE; Schema: public; Owner: eventic_admin
--

CREATE TABLE public.notifications_organizationnotification (
    basenotification_ptr_id bigint NOT NULL,
    event_id bigint NOT NULL,
    follow_id bigint NOT NULL
);


ALTER TABLE public.notifications_organizationnotification OWNER TO eventic_admin;

--
-- Name: notifications_permanentnotification; Type: TABLE; Schema: public; Owner: eventic_admin
--

CREATE TABLE public.notifications_permanentnotification (
    basenotification_ptr_id bigint NOT NULL,
    follow_id bigint NOT NULL
);


ALTER TABLE public.notifications_permanentnotification OWNER TO eventic_admin;

--
-- Name: notifications_temporarynotification; Type: TABLE; Schema: public; Owner: eventic_admin
--

CREATE TABLE public.notifications_temporarynotification (
    basenotification_ptr_id bigint NOT NULL,
    follow_id bigint NOT NULL
);


ALTER TABLE public.notifications_temporarynotification OWNER TO eventic_admin;

--
-- Name: profiles_baseprofile; Type: TABLE; Schema: public; Owner: eventic_admin
--

CREATE TABLE public.profiles_baseprofile (
    customuser_ptr_id bigint NOT NULL,
    profile_picture character varying(100),
    city_id bigint
);


ALTER TABLE public.profiles_baseprofile OWNER TO eventic_admin;

--
-- Name: profiles_organizer; Type: TABLE; Schema: public; Owner: eventic_admin
--

CREATE TABLE public.profiles_organizer (
    baseprofile_ptr_id bigint NOT NULL,
    title character varying(255) NOT NULL,
    back_img character varying(100),
    description text NOT NULL,
    followers bigint NOT NULL,
    CONSTRAINT profiles_organizer_followers_check CHECK ((followers >= 0))
);


ALTER TABLE public.profiles_organizer OWNER TO eventic_admin;

--
-- Name: profiles_organizeraddress; Type: TABLE; Schema: public; Owner: eventic_admin
--

CREATE TABLE public.profiles_organizeraddress (
    id bigint NOT NULL,
    address character varying(255) NOT NULL,
    organizer_id bigint NOT NULL
);


ALTER TABLE public.profiles_organizeraddress OWNER TO eventic_admin;

--
-- Name: profiles_organizeraddress_id_seq; Type: SEQUENCE; Schema: public; Owner: eventic_admin
--

ALTER TABLE public.profiles_organizeraddress ALTER COLUMN id ADD GENERATED BY DEFAULT AS IDENTITY (
    SEQUENCE NAME public.profiles_organizeraddress_id_seq
    START WITH 1
    INCREMENT BY 1
    NO MINVALUE
    NO MAXVALUE
    CACHE 1
);


--
-- Name: profiles_phonenumber; Type: TABLE; Schema: public; Owner: eventic_admin
--

CREATE TABLE public.profiles_phonenumber (
    id bigint NOT NULL,
    phone_number character varying(30) NOT NULL,
    phone_number_type character varying(50) NOT NULL,
    organizer_id bigint NOT NULL
);


ALTER TABLE public.profiles_phonenumber OWNER TO eventic_admin;

--
-- Name: profiles_phonenumber_id_seq; Type: SEQUENCE; Schema: public; Owner: eventic_admin
--

ALTER TABLE public.profiles_phonenumber ALTER COLUMN id ADD GENERATED BY DEFAULT AS IDENTITY (
    SEQUENCE NAME public.profiles_phonenumber_id_seq
    START WITH 1
    INCREMENT BY 1
    NO MINVALUE
    NO MAXVALUE
    CACHE 1
);


--
-- Name: profiles_sociallink; Type: TABLE; Schema: public; Owner: eventic_admin
--

CREATE TABLE public.profiles_sociallink (
    id bigint NOT NULL,
    social_link_type character varying(50) NOT NULL,
    social_link character varying(50) NOT NULL,
    organizer_id bigint NOT NULL
);


ALTER TABLE public.profiles_sociallink OWNER TO eventic_admin;

--
-- Name: profiles_sociallink_id_seq; Type: SEQUENCE; Schema: public; Owner: eventic_admin
--

ALTER TABLE public.profiles_sociallink ALTER COLUMN id ADD GENERATED BY DEFAULT AS IDENTITY (
    SEQUENCE NAME public.profiles_sociallink_id_seq
    START WITH 1
    INCREMENT BY 1
    NO MINVALUE
    NO MAXVALUE
    CACHE 1
);


--
-- Name: profiles_user; Type: TABLE; Schema: public; Owner: eventic_admin
--

CREATE TABLE public.profiles_user (
    baseprofile_ptr_id bigint NOT NULL,
    first_name character varying(155) NOT NULL,
    last_name character varying(255) NOT NULL,
    created_at timestamp with time zone NOT NULL
);


ALTER TABLE public.profiles_user OWNER TO eventic_admin;

--
-- Name: profiles_user_events; Type: TABLE; Schema: public; Owner: eventic_admin
--

CREATE TABLE public.profiles_user_events (
    id bigint NOT NULL,
    user_id bigint NOT NULL,
    baseevent_id bigint NOT NULL
);


ALTER TABLE public.profiles_user_events OWNER TO eventic_admin;

--
-- Name: profiles_user_events_id_seq; Type: SEQUENCE; Schema: public; Owner: eventic_admin
--

ALTER TABLE public.profiles_user_events ALTER COLUMN id ADD GENERATED BY DEFAULT AS IDENTITY (
    SEQUENCE NAME public.profiles_user_events_id_seq
    START WITH 1
    INCREMENT BY 1
    NO MINVALUE
    NO MAXVALUE
    CACHE 1
);


--
-- Name: profiles_user_favourites; Type: TABLE; Schema: public; Owner: eventic_admin
--

CREATE TABLE public.profiles_user_favourites (
    id bigint NOT NULL,
    user_id bigint NOT NULL,
    baseevent_id bigint NOT NULL
);


ALTER TABLE public.profiles_user_favourites OWNER TO eventic_admin;

--
-- Name: profiles_user_favourites_id_seq; Type: SEQUENCE; Schema: public; Owner: eventic_admin
--

ALTER TABLE public.profiles_user_favourites ALTER COLUMN id ADD GENERATED BY DEFAULT AS IDENTITY (
    SEQUENCE NAME public.profiles_user_favourites_id_seq
    START WITH 1
    INCREMENT BY 1
    NO MINVALUE
    NO MAXVALUE
    CACHE 1
);


--
-- Name: profiles_user_last_viewed_events; Type: TABLE; Schema: public; Owner: eventic_admin
--

CREATE TABLE public.profiles_user_last_viewed_events (
    id bigint NOT NULL,
    user_id bigint NOT NULL,
    viewedevent_id bigint NOT NULL
);


ALTER TABLE public.profiles_user_last_viewed_events OWNER TO eventic_admin;

--
-- Name: profiles_user_last_viewed_events_id_seq; Type: SEQUENCE; Schema: public; Owner: eventic_admin
--

ALTER TABLE public.profiles_user_last_viewed_events ALTER COLUMN id ADD GENERATED BY DEFAULT AS IDENTITY (
    SEQUENCE NAME public.profiles_user_last_viewed_events_id_seq
    START WITH 1
    INCREMENT BY 1
    NO MINVALUE
    NO MAXVALUE
    CACHE 1
);


--
-- Name: profiles_viewedevent; Type: TABLE; Schema: public; Owner: eventic_admin
--

CREATE TABLE public.profiles_viewedevent (
    id bigint NOT NULL,
    "timestamp" timestamp with time zone NOT NULL,
    event_id bigint NOT NULL,
    user_id bigint NOT NULL
);


ALTER TABLE public.profiles_viewedevent OWNER TO eventic_admin;

--
-- Name: profiles_viewedevent_id_seq; Type: SEQUENCE; Schema: public; Owner: eventic_admin
--

ALTER TABLE public.profiles_viewedevent ALTER COLUMN id ADD GENERATED BY DEFAULT AS IDENTITY (
    SEQUENCE NAME public.profiles_viewedevent_id_seq
    START WITH 1
    INCREMENT BY 1
    NO MINVALUE
    NO MAXVALUE
    CACHE 1
);


--
-- Name: questions_question; Type: TABLE; Schema: public; Owner: eventic_admin
--

CREATE TABLE public.questions_question (
    id bigint NOT NULL,
    question character varying(200) NOT NULL,
    answer text NOT NULL
);


ALTER TABLE public.questions_question OWNER TO eventic_admin;

--
-- Name: questions_question_id_seq; Type: SEQUENCE; Schema: public; Owner: eventic_admin
--

ALTER TABLE public.questions_question ALTER COLUMN id ADD GENERATED BY DEFAULT AS IDENTITY (
    SEQUENCE NAME public.questions_question_id_seq
    START WITH 1
    INCREMENT BY 1
    NO MINVALUE
    NO MAXVALUE
    CACHE 1
);


--
-- Name: users_customuser; Type: TABLE; Schema: public; Owner: eventic_admin
--

CREATE TABLE public.users_customuser (
    id bigint NOT NULL,
    password character varying(128) NOT NULL,
    last_login timestamp with time zone,
    email character varying(254) NOT NULL,
    is_superuser boolean NOT NULL,
    is_staff boolean NOT NULL,
    is_verified boolean NOT NULL,
    code character varying(9)
);


ALTER TABLE public.users_customuser OWNER TO eventic_admin;

--
-- Name: users_customuser_groups; Type: TABLE; Schema: public; Owner: eventic_admin
--

CREATE TABLE public.users_customuser_groups (
    id bigint NOT NULL,
    customuser_id bigint NOT NULL,
    group_id integer NOT NULL
);


ALTER TABLE public.users_customuser_groups OWNER TO eventic_admin;

--
-- Name: users_customuser_groups_id_seq; Type: SEQUENCE; Schema: public; Owner: eventic_admin
--

ALTER TABLE public.users_customuser_groups ALTER COLUMN id ADD GENERATED BY DEFAULT AS IDENTITY (
    SEQUENCE NAME public.users_customuser_groups_id_seq
    START WITH 1
    INCREMENT BY 1
    NO MINVALUE
    NO MAXVALUE
    CACHE 1
);


--
-- Name: users_customuser_id_seq; Type: SEQUENCE; Schema: public; Owner: eventic_admin
--

ALTER TABLE public.users_customuser ALTER COLUMN id ADD GENERATED BY DEFAULT AS IDENTITY (
    SEQUENCE NAME public.users_customuser_id_seq
    START WITH 1
    INCREMENT BY 1
    NO MINVALUE
    NO MAXVALUE
    CACHE 1
);


--
-- Name: users_customuser_user_permissions; Type: TABLE; Schema: public; Owner: eventic_admin
--

CREATE TABLE public.users_customuser_user_permissions (
    id bigint NOT NULL,
    customuser_id bigint NOT NULL,
    permission_id integer NOT NULL
);


ALTER TABLE public.users_customuser_user_permissions OWNER TO eventic_admin;

--
-- Name: users_customuser_user_permissions_id_seq; Type: SEQUENCE; Schema: public; Owner: eventic_admin
--

ALTER TABLE public.users_customuser_user_permissions ALTER COLUMN id ADD GENERATED BY DEFAULT AS IDENTITY (
    SEQUENCE NAME public.users_customuser_user_permissions_id_seq
    START WITH 1
    INCREMENT BY 1
    NO MINVALUE
    NO MAXVALUE
    CACHE 1
);


--
-- Data for Name: auth_group; Type: TABLE DATA; Schema: public; Owner: eventic_admin
--

COPY public.auth_group (id, name) FROM stdin;
\.


--
-- Data for Name: auth_group_permissions; Type: TABLE DATA; Schema: public; Owner: eventic_admin
--

COPY public.auth_group_permissions (id, group_id, permission_id) FROM stdin;
\.


--
-- Data for Name: auth_permission; Type: TABLE DATA; Schema: public; Owner: eventic_admin
--

COPY public.auth_permission (id, name, content_type_id, codename) FROM stdin;
1	Can add log entry	1	add_logentry
2	Can change log entry	1	change_logentry
3	Can delete log entry	1	delete_logentry
4	Can view log entry	1	view_logentry
5	Can add permission	2	add_permission
6	Can change permission	2	change_permission
7	Can delete permission	2	delete_permission
8	Can view permission	2	view_permission
9	Can add group	3	add_group
10	Can change group	3	change_group
11	Can delete group	3	delete_group
12	Can view group	3	view_group
13	Can add content type	4	add_contenttype
14	Can change content type	4	change_contenttype
15	Can delete content type	4	delete_contenttype
16	Can view content type	4	view_contenttype
17	Can add session	5	add_session
18	Can change session	5	change_session
19	Can delete session	5	delete_session
20	Can view session	5	view_session
21	Can add base profile	6	add_baseprofile
22	Can change base profile	6	change_baseprofile
23	Can delete base profile	6	delete_baseprofile
24	Can view base profile	6	view_baseprofile
25	Can add Организатор	7	add_organizer
26	Can change Организатор	7	change_organizer
27	Can delete Организатор	7	delete_organizer
28	Can view Организатор	7	view_organizer
29	Can add Пользователь	8	add_user
30	Can change Пользователь	8	change_user
31	Can delete Пользователь	8	delete_user
32	Can view Пользователь	8	view_user
33	Can add viewed event	9	add_viewedevent
34	Can change viewed event	9	change_viewedevent
35	Can delete viewed event	9	delete_viewedevent
36	Can view viewed event	9	view_viewedevent
37	Can add Ссылка	10	add_sociallink
38	Can change Ссылка	10	change_sociallink
39	Can delete Ссылка	10	delete_sociallink
40	Can view Ссылка	10	view_sociallink
41	Can add Номер телефона	11	add_phonenumber
42	Can change Номер телефона	11	change_phonenumber
43	Can delete Номер телефона	11	delete_phonenumber
44	Can view Номер телефона	11	view_phonenumber
45	Can add Адрес	12	add_organizeraddress
46	Can change Адрес	12	change_organizeraddress
47	Can delete Адрес	12	delete_organizeraddress
48	Can view Адрес	12	view_organizeraddress
49	Can add custom user	13	add_customuser
50	Can change custom user	13	change_customuser
51	Can delete custom user	13	delete_customuser
52	Can view custom user	13	view_customuser
53	Can add Мероприятие	14	add_baseevent
54	Can change Мероприятие	14	change_baseevent
55	Can delete Мероприятие	14	delete_baseevent
56	Can view Мероприятие	14	view_baseevent
57	Can add Категория	15	add_category
58	Can change Категория	15	change_category
59	Can delete Категория	15	delete_category
60	Can view Категория	15	view_category
61	Can add Время постоянного события	16	add_eventtime
62	Can change Время постоянного события	16	change_eventtime
63	Can delete Время постоянного события	16	delete_eventtime
64	Can view Время постоянного события	16	view_eventtime
65	Can add Интерес	17	add_interests
66	Can change Интерес	17	change_interests
67	Can delete Интерес	17	delete_interests
68	Can view Интерес	17	view_interests
69	Can add Язык	18	add_language
70	Can change Язык	18	change_language
71	Can delete Язык	18	delete_language
72	Can view Язык	18	view_language
73	Can add Дата и время мероприятия	19	add_eventdate
74	Can change Дата и время мероприятия	19	change_eventdate
75	Can delete Дата и время мероприятия	19	delete_eventdate
76	Can view Дата и время мероприятия	19	view_eventdate
77	Can add Постоянное мероприятие	20	add_permanentevent
78	Can change Постоянное мероприятие	20	change_permanentevent
79	Can delete Постоянное мероприятие	20	delete_permanentevent
80	Can view Постоянное мероприятие	20	view_permanentevent
81	Can add Время проведения мероприятии	21	add_permanenteventdays
82	Can change Время проведения мероприятии	21	change_permanenteventdays
83	Can delete Время проведения мероприятии	21	delete_permanenteventdays
84	Can view Время проведения мероприятии	21	view_permanenteventdays
85	Can add Временное мероприятие	22	add_temporaryevent
86	Can change Временное мероприятие	22	change_temporaryevent
87	Can delete Временное мероприятие	22	delete_temporaryevent
88	Can view Временное мероприятие	22	view_temporaryevent
89	Can add Баннер	23	add_eventbanner
90	Can change Баннер	23	change_eventbanner
91	Can delete Баннер	23	delete_eventbanner
92	Can view Баннер	23	view_eventbanner
93	Can add Старна	24	add_country
94	Can change Старна	24	change_country
95	Can delete Старна	24	delete_country
96	Can view Старна	24	view_country
97	Can add Регион	25	add_region
98	Can change Регион	25	change_region
99	Can delete Регион	25	delete_region
100	Can view Регион	25	view_region
101	Can add Город	26	add_city
102	Can change Город	26	change_city
103	Can delete Город	26	delete_city
104	Can view Город	26	view_city
105	Can add Адрес	27	add_address
106	Can change Адрес	27	change_address
107	Can delete Адрес	27	delete_address
108	Can view Адрес	27	view_address
109	Can add base notification	28	add_basenotification
110	Can change base notification	28	change_basenotification
111	Can delete base notification	28	delete_basenotification
112	Can view base notification	28	view_basenotification
113	Can add Подписка	29	add_followbase
114	Can change Подписка	29	change_followbase
115	Can delete Подписка	29	delete_followbase
116	Can view Подписка	29	view_followbase
117	Can add follow org	30	add_followorg
118	Can change follow org	30	change_followorg
119	Can delete follow org	30	delete_followorg
120	Can view follow org	30	view_followorg
121	Can add follow perm	31	add_followperm
122	Can change follow perm	31	change_followperm
123	Can delete follow perm	31	delete_followperm
124	Can view follow perm	31	view_followperm
125	Can add follow temp	32	add_followtemp
126	Can change follow temp	32	change_followtemp
127	Can delete follow temp	32	delete_followtemp
128	Can view follow temp	32	view_followtemp
129	Can add organization notification	33	add_organizationnotification
130	Can change organization notification	33	change_organizationnotification
131	Can delete organization notification	33	delete_organizationnotification
132	Can view organization notification	33	view_organizationnotification
133	Can add permanent notification	34	add_permanentnotification
134	Can change permanent notification	34	change_permanentnotification
135	Can delete permanent notification	34	delete_permanentnotification
136	Can view permanent notification	34	view_permanentnotification
137	Can add temporary notification	35	add_temporarynotification
138	Can change temporary notification	35	change_temporarynotification
139	Can delete temporary notification	35	delete_temporarynotification
140	Can view temporary notification	35	view_temporarynotification
141	Can add Категория	36	add_category
142	Can change Категория	36	change_category
143	Can delete Категория	36	delete_category
144	Can view Категория	36	view_category
145	Can add Контакт	37	add_contact
146	Can change Контакт	37	change_contact
147	Can delete Контакт	37	delete_contact
148	Can view Контакт	37	view_contact
149	Can add Картинка	38	add_image
150	Can change Картинка	38	change_image
151	Can delete Картинка	38	delete_image
152	Can view Картинка	38	view_image
153	Can add Вопрос	39	add_question
154	Can change Вопрос	39	change_question
155	Can delete Вопрос	39	delete_question
156	Can view Вопрос	39	view_question
157	Can add crontab	40	add_crontabschedule
158	Can change crontab	40	change_crontabschedule
159	Can delete crontab	40	delete_crontabschedule
160	Can view crontab	40	view_crontabschedule
161	Can add interval	41	add_intervalschedule
162	Can change interval	41	change_intervalschedule
163	Can delete interval	41	delete_intervalschedule
164	Can view interval	41	view_intervalschedule
165	Can add periodic task	42	add_periodictask
166	Can change periodic task	42	change_periodictask
167	Can delete periodic task	42	delete_periodictask
168	Can view periodic task	42	view_periodictask
169	Can add periodic tasks	43	add_periodictasks
170	Can change periodic tasks	43	change_periodictasks
171	Can delete periodic tasks	43	delete_periodictasks
172	Can view periodic tasks	43	view_periodictasks
173	Can add solar event	44	add_solarschedule
174	Can change solar event	44	change_solarschedule
175	Can delete solar event	44	delete_solarschedule
176	Can view solar event	44	view_solarschedule
177	Can add clocked	45	add_clockedschedule
178	Can change clocked	45	change_clockedschedule
179	Can delete clocked	45	delete_clockedschedule
180	Can view clocked	45	view_clockedschedule
\.


--
-- Data for Name: django_admin_log; Type: TABLE DATA; Schema: public; Owner: eventic_admin
--

COPY public.django_admin_log (id, action_time, object_id, object_repr, action_flag, change_message, content_type_id, user_id) FROM stdin;
1	2024-03-19 10:27:29.740503+00	1	Image object (1)	1	[{"added": {}}]	38	1
2	2024-03-19 10:27:39.684623+00	2	Image object (2)	1	[{"added": {}}]	38	1
3	2024-03-19 10:27:52.0306+00	3	Image object (3)	1	[{"added": {}}]	38	1
4	2024-03-19 10:28:00.75093+00	4	Image object (4)	1	[{"added": {}}]	38	1
5	2024-03-19 10:28:21.70552+00	5	Image object (5)	1	[{"added": {}}]	38	1
6	2024-03-19 10:28:29.581925+00	6	Image object (6)	1	[{"added": {}}]	38	1
7	2024-03-19 10:28:37.460438+00	7	Image object (7)	1	[{"added": {}}]	38	1
8	2024-03-19 10:28:45.903829+00	8	Image object (8)	1	[{"added": {}}]	38	1
9	2024-03-19 10:29:34.614703+00	1	День рождениия	1	[{"added": {}}]	36	1
10	2024-03-19 10:29:41.43065+00	1	День рождения	2	[{"changed": {"fields": ["\\u041a\\u0430\\u0442\\u0435\\u0433\\u043e\\u0440\\u0438\\u044f"]}}]	36	1
11	2024-03-19 10:29:46.259123+00	2	Встреча	1	[{"added": {}}]	36	1
12	2024-03-19 10:29:50.675593+00	3	Вечеринка	1	[{"added": {}}]	36	1
13	2024-03-19 10:29:54.486774+00	4	Свадьба	1	[{"added": {}}]	36	1
14	2024-03-19 10:30:00.219296+00	5	Помолвка	1	[{"added": {}}]	36	1
15	2024-03-19 10:30:06.64823+00	6	Приём	1	[{"added": {}}]	36	1
16	2024-03-19 10:30:11.755229+00	7	Корпоратив	1	[{"added": {}}]	36	1
17	2024-03-19 10:30:19.278667+00	8	Тим билдинг	1	[{"added": {}}]	36	1
18	2024-03-19 10:31:03.66872+00	1	Кыргызстан	1	[{"added": {}}]	24	1
19	2024-03-19 10:31:15.350373+00	1	Чуйская область	1	[{"added": {}}]	25	1
20	2024-03-19 10:31:17.164531+00	1	Бишкек	1	[{"added": {}}]	26	1
21	2024-03-19 10:33:13.846422+00	1	русский	1	[{"added": {}}]	18	1
22	2024-03-19 10:33:29.422148+00	1	спектакли	1	[{"added": {}}]	15	1
23	2024-03-19 10:33:35.928956+00	1	классика	1	[{"added": {}}]	17	1
24	2024-03-19 10:33:47.548946+00	2	театр	1	[{"added": {}}]	15	1
25	2024-03-19 10:33:56.411112+00	2	спектакли	1	[{"added": {}}]	17	1
26	2024-03-19 10:41:28.727775+00	3	Русский театр драмы	1	[{"added": {}}, {"added": {"name": "\\u041d\\u043e\\u043c\\u0435\\u0440 \\u0442\\u0435\\u043b\\u0435\\u0444\\u043e\\u043d\\u0430", "object": "+996550838512"}}, {"added": {"name": "\\u041d\\u043e\\u043c\\u0435\\u0440 \\u0442\\u0435\\u043b\\u0435\\u0444\\u043e\\u043d\\u0430", "object": "+996552662032"}}, {"added": {"name": "\\u041d\\u043e\\u043c\\u0435\\u0440 \\u0442\\u0435\\u043b\\u0435\\u0444\\u043e\\u043d\\u0430", "object": "+996312624606"}}, {"added": {"name": "\\u0421\\u0441\\u044b\\u043b\\u043a\\u0430", "object": "instagram"}}, {"added": {"name": "\\u0421\\u0441\\u044b\\u043b\\u043a\\u0430", "object": "facebook"}}, {"added": {"name": "\\u0421\\u0441\\u044b\\u043b\\u043a\\u0430", "object": "website"}}, {"added": {"name": "\\u0410\\u0434\\u0440\\u0435\\u0441", "object": "OrganizerAddress object (1)"}}]	7	1
27	2024-03-19 10:42:57.081967+00	1	Мастер и Маргарита	1	[{"added": {}}, {"added": {"name": "\\u0411\\u0430\\u043d\\u043d\\u0435\\u0440", "object": "\\u041c\\u0430\\u0441\\u0442\\u0435\\u0440 \\u0438 \\u041c\\u0430\\u0440\\u0433\\u0430\\u0440\\u0438\\u0442\\u0430"}}, {"added": {"name": "\\u0414\\u0430\\u0442\\u0430 \\u0438 \\u0432\\u0440\\u0435\\u043c\\u044f \\u043c\\u0435\\u0440\\u043e\\u043f\\u0440\\u0438\\u044f\\u0442\\u0438\\u044f", "object": "18:00:00, 21:00:00"}}, {"added": {"name": "\\u0414\\u0430\\u0442\\u0430 \\u0438 \\u0432\\u0440\\u0435\\u043c\\u044f \\u043c\\u0435\\u0440\\u043e\\u043f\\u0440\\u0438\\u044f\\u0442\\u0438\\u044f", "object": "18:00:00, 21:00:00"}}]	22	1
28	2024-03-19 10:48:42.568399+00	4	Кыргыз драма театры	1	[{"added": {}}, {"added": {"name": "\\u041d\\u043e\\u043c\\u0435\\u0440 \\u0442\\u0435\\u043b\\u0435\\u0444\\u043e\\u043d\\u0430", "object": "+996312665717"}}, {"added": {"name": "\\u041d\\u043e\\u043c\\u0435\\u0440 \\u0442\\u0435\\u043b\\u0435\\u0444\\u043e\\u043d\\u0430", "object": "+996312660590"}}, {"added": {"name": "\\u0421\\u0441\\u044b\\u043b\\u043a\\u0430", "object": "instagram"}}, {"added": {"name": "\\u0421\\u0441\\u044b\\u043b\\u043a\\u0430", "object": "website"}}, {"added": {"name": "\\u0410\\u0434\\u0440\\u0435\\u0441", "object": "OrganizerAddress object (2)"}}]	7	1
29	2024-03-19 10:50:04.243001+00	2	кыргызский	1	[{"added": {}}]	18	1
30	2024-03-19 10:50:36.112941+00	3	концерты	1	[{"added": {}}]	15	1
31	2024-03-19 10:50:48.76003+00	3	музыка	1	[{"added": {}}]	17	1
32	2024-03-19 10:51:40.819077+00	2	Музыка кочевников	1	[{"added": {}}, {"added": {"name": "\\u0411\\u0430\\u043d\\u043d\\u0435\\u0440", "object": "\\u041c\\u0443\\u0437\\u044b\\u043a\\u0430 \\u043a\\u043e\\u0447\\u0435\\u0432\\u043d\\u0438\\u043a\\u043e\\u0432"}}, {"added": {"name": "\\u0414\\u0430\\u0442\\u0430 \\u0438 \\u0432\\u0440\\u0435\\u043c\\u044f \\u043c\\u0435\\u0440\\u043e\\u043f\\u0440\\u0438\\u044f\\u0442\\u0438\\u044f", "object": "19:00:00, 20:30:00"}}]	22	1
33	2024-03-19 10:53:14.361329+00	4	балет	1	[{"added": {}}]	17	1
34	2024-03-19 10:53:49.416332+00	3	Performance: Кармен-Сюита	1	[{"added": {}}, {"added": {"name": "\\u0411\\u0430\\u043d\\u043d\\u0435\\u0440", "object": "Performance: \\u041a\\u0430\\u0440\\u043c\\u0435\\u043d-\\u0421\\u044e\\u0438\\u0442\\u0430"}}, {"added": {"name": "\\u0414\\u0430\\u0442\\u0430 \\u0438 \\u0432\\u0440\\u0435\\u043c\\u044f \\u043c\\u0435\\u0440\\u043e\\u043f\\u0440\\u0438\\u044f\\u0442\\u0438\\u044f", "object": "19:00:00, 20:00:00"}}]	22	1
35	2024-03-19 10:55:32.86469+00	4	вечер музыки	1	[{"added": {}}]	15	1
36	2024-03-19 11:03:48.87121+00	5	Винтаж - винный ресторан	1	[{"added": {}}, {"added": {"name": "\\u041d\\u043e\\u043c\\u0435\\u0440 \\u0442\\u0435\\u043b\\u0435\\u0444\\u043e\\u043d\\u0430", "object": "+996505122550"}}, {"added": {"name": "\\u0421\\u0441\\u044b\\u043b\\u043a\\u0430", "object": "website"}}, {"added": {"name": "\\u0421\\u0441\\u044b\\u043b\\u043a\\u0430", "object": "instagram"}}, {"added": {"name": "\\u0410\\u0434\\u0440\\u0435\\u0441", "object": "OrganizerAddress object (3)"}}, {"added": {"name": "\\u0410\\u0434\\u0440\\u0435\\u0441", "object": "OrganizerAddress object (4)"}}, {"added": {"name": "\\u0410\\u0434\\u0440\\u0435\\u0441", "object": "OrganizerAddress object (5)"}}, {"added": {"name": "\\u0410\\u0434\\u0440\\u0435\\u0441", "object": "OrganizerAddress object (6)"}}]	7	1
37	2024-03-19 11:05:21.708658+00	4	JAZZ LIVE VINTAGE	1	[{"added": {}}, {"added": {"name": "\\u0411\\u0430\\u043d\\u043d\\u0435\\u0440", "object": "JAZZ LIVE VINTAGE"}}, {"added": {"name": "\\u0414\\u0430\\u0442\\u0430 \\u0438 \\u0432\\u0440\\u0435\\u043c\\u044f \\u043c\\u0435\\u0440\\u043e\\u043f\\u0440\\u0438\\u044f\\u0442\\u0438\\u044f", "object": "20:00:00, 01:00:00"}}]	22	1
38	2024-03-19 11:14:06.775663+00	6	Кыргызская государственная филармония	1	[{"added": {}}, {"added": {"name": "\\u041d\\u043e\\u043c\\u0435\\u0440 \\u0442\\u0435\\u043b\\u0435\\u0444\\u043e\\u043d\\u0430", "object": "+996552339559"}}, {"added": {"name": "\\u0421\\u0441\\u044b\\u043b\\u043a\\u0430", "object": "instagram"}}, {"added": {"name": "\\u0421\\u0441\\u044b\\u043b\\u043a\\u0430", "object": "website"}}, {"added": {"name": "\\u0410\\u0434\\u0440\\u0435\\u0441", "object": "OrganizerAddress object (7)"}}]	7	1
39	2024-03-19 11:14:59.931069+00	5	LUDOVICO EINAUDI	1	[{"added": {}}, {"added": {"name": "\\u0411\\u0430\\u043d\\u043d\\u0435\\u0440", "object": "LUDOVICO EINAUDI"}}, {"added": {"name": "\\u0414\\u0430\\u0442\\u0430 \\u0438 \\u0432\\u0440\\u0435\\u043c\\u044f \\u043c\\u0435\\u0440\\u043e\\u043f\\u0440\\u0438\\u044f\\u0442\\u0438\\u044f", "object": "18:00:00, 19:30:00"}}]	22	1
40	2024-03-19 11:15:36.653038+00	3	Русский театр драмы	2	[{"changed": {"fields": ["Is verified"]}}]	7	1
41	2024-03-19 11:15:41.626332+00	4	Кыргыз драма театры	2	[{"changed": {"fields": ["Is verified"]}}]	7	1
42	2024-03-19 11:15:45.786797+00	5	Винтаж - винный ресторан	2	[{"changed": {"fields": ["Is verified"]}}]	7	1
43	2024-03-19 11:18:17.774721+00	6	Саундтрек концерт: Игра престолов	1	[{"added": {}}, {"added": {"name": "\\u0411\\u0430\\u043d\\u043d\\u0435\\u0440", "object": "\\u0421\\u0430\\u0443\\u043d\\u0434\\u0442\\u0440\\u0435\\u043a \\u043a\\u043e\\u043d\\u0446\\u0435\\u0440\\u0442: \\u0418\\u0433\\u0440\\u0430 \\u043f\\u0440\\u0435\\u0441\\u0442\\u043e\\u043b\\u043e\\u0432"}}, {"added": {"name": "\\u0414\\u0430\\u0442\\u0430 \\u0438 \\u0432\\u0440\\u0435\\u043c\\u044f \\u043c\\u0435\\u0440\\u043e\\u043f\\u0440\\u0438\\u044f\\u0442\\u0438\\u044f", "object": "20:30:00, 22:00:00"}}, {"added": {"name": "\\u0414\\u0430\\u0442\\u0430 \\u0438 \\u0432\\u0440\\u0435\\u043c\\u044f \\u043c\\u0435\\u0440\\u043e\\u043f\\u0440\\u0438\\u044f\\u0442\\u0438\\u044f", "object": "18:00:00, 19:30:00"}}]	22	1
44	2024-03-19 11:19:59.509407+00	7	Пиковая Дама	1	[{"added": {}}, {"added": {"name": "\\u0411\\u0430\\u043d\\u043d\\u0435\\u0440", "object": "\\u041f\\u0438\\u043a\\u043e\\u0432\\u0430\\u044f \\u0414\\u0430\\u043c\\u0430"}}, {"added": {"name": "\\u0414\\u0430\\u0442\\u0430 \\u0438 \\u0432\\u0440\\u0435\\u043c\\u044f \\u043c\\u0435\\u0440\\u043e\\u043f\\u0440\\u0438\\u044f\\u0442\\u0438\\u044f", "object": "18:00:00, 20:00:00"}}]	22	1
45	2024-03-19 11:24:05.117548+00	7	American Center	1	[{"added": {}}, {"added": {"name": "\\u041d\\u043e\\u043c\\u0435\\u0440 \\u0442\\u0435\\u043b\\u0435\\u0444\\u043e\\u043d\\u0430", "object": "+996312661210"}}, {"added": {"name": "\\u0421\\u0441\\u044b\\u043b\\u043a\\u0430", "object": "instagram"}}, {"added": {"name": "\\u0421\\u0441\\u044b\\u043b\\u043a\\u0430", "object": "website"}}, {"added": {"name": "\\u0410\\u0434\\u0440\\u0435\\u0441", "object": "OrganizerAddress object (8)"}}]	7	1
46	2024-03-19 11:24:55.173156+00	3	английский	1	[{"added": {}}]	18	1
47	2024-03-19 11:25:20.682966+00	5	разговорные клубы	1	[{"added": {}}]	15	1
48	2024-03-19 11:25:26.258762+00	5	образование	1	[{"added": {}}]	17	1
49	2024-03-19 11:28:16.56402+00	8	English Talking Club	1	[{"added": {}}, {"added": {"name": "\\u0411\\u0430\\u043d\\u043d\\u0435\\u0440", "object": "English Talking Club"}}, {"added": {"name": "\\u0411\\u0430\\u043d\\u043d\\u0435\\u0440", "object": "English Talking Club"}}, {"added": {"name": "\\u0412\\u0440\\u0435\\u043c\\u044f \\u043f\\u0440\\u043e\\u0432\\u0435\\u0434\\u0435\\u043d\\u0438\\u044f \\u043c\\u0435\\u0440\\u043e\\u043f\\u0440\\u0438\\u044f\\u0442\\u0438\\u0438", "object": "mo"}}, {"added": {"name": "\\u0412\\u0440\\u0435\\u043c\\u044f \\u043f\\u0440\\u043e\\u0432\\u0435\\u0434\\u0435\\u043d\\u0438\\u044f \\u043c\\u0435\\u0440\\u043e\\u043f\\u0440\\u0438\\u044f\\u0442\\u0438\\u0438", "object": "fr"}}]	20	1
50	2024-03-19 11:30:24.8576+00	9	Симфония аниме	1	[{"added": {}}, {"added": {"name": "\\u0411\\u0430\\u043d\\u043d\\u0435\\u0440", "object": "\\u0421\\u0438\\u043c\\u0444\\u043e\\u043d\\u0438\\u044f \\u0430\\u043d\\u0438\\u043c\\u0435"}}, {"added": {"name": "\\u0414\\u0430\\u0442\\u0430 \\u0438 \\u0432\\u0440\\u0435\\u043c\\u044f \\u043c\\u0435\\u0440\\u043e\\u043f\\u0440\\u0438\\u044f\\u0442\\u0438\\u044f", "object": "19:00:00, 20:30:00"}}]	22	1
51	2024-03-19 11:30:51.429869+00	6	выставки	1	[{"added": {}}]	15	1
52	2024-03-19 11:30:55.773757+00	7	семинары	1	[{"added": {}}]	15	1
53	2024-03-19 11:31:08.677499+00	6	искусство	1	[{"added": {}}]	17	1
54	2024-03-19 11:31:11.358356+00	7	дети	1	[{"added": {}}]	17	1
55	2024-03-19 11:31:21.830481+00	8	мастер-классы	1	[{"added": {}}]	15	1
56	2024-03-19 11:31:31.285675+00	8	спорт	1	[{"added": {}}]	17	1
57	2024-03-19 11:31:35.544189+00	9	бизнес	1	[{"added": {}}]	17	1
58	2024-03-19 11:32:00.606606+00	10	мода	1	[{"added": {}}]	17	1
59	2024-03-19 13:07:30.841177+00	6	Кыргызская государственная филармония	2	[{"changed": {"fields": ["\\u0410\\u0432\\u0430\\u0442\\u0430\\u0440\\u043a\\u0430", "\\u0411\\u0430\\u043d\\u043d\\u0435\\u0440"]}}]	7	1
60	2024-03-19 13:09:00.536383+00	3	Русский театр драмы	2	[{"changed": {"fields": ["\\u0410\\u0432\\u0430\\u0442\\u0430\\u0440\\u043a\\u0430", "\\u0411\\u0430\\u043d\\u043d\\u0435\\u0440"]}}]	7	1
61	2024-03-19 13:18:06.218966+00	4	JAZZ LIVE VINTAGE	2	[{"changed": {"name": "\\u0414\\u0430\\u0442\\u0430 \\u0438 \\u0432\\u0440\\u0435\\u043c\\u044f \\u043c\\u0435\\u0440\\u043e\\u043f\\u0440\\u0438\\u044f\\u0442\\u0438\\u044f", "object": "20:00:00, 00:00:00", "fields": ["\\u0412\\u0440\\u0435\\u043c\\u044f \\u043e\\u043a\\u043e\\u043d\\u0447\\u0430\\u043d\\u0438\\u044f \\u0441\\u043e\\u0431\\u044b\\u0442\\u0438\\u044f"]}}]	22	1
62	2024-03-19 13:18:59.4887+00	4	JAZZ LIVE VINTAGE	2	[{"changed": {"name": "\\u0414\\u0430\\u0442\\u0430 \\u0438 \\u0432\\u0440\\u0435\\u043c\\u044f \\u043c\\u0435\\u0440\\u043e\\u043f\\u0440\\u0438\\u044f\\u0442\\u0438\\u044f", "object": "20:00:00, 23:59:00", "fields": ["\\u0412\\u0440\\u0435\\u043c\\u044f \\u043e\\u043a\\u043e\\u043d\\u0447\\u0430\\u043d\\u0438\\u044f \\u0441\\u043e\\u0431\\u044b\\u0442\\u0438\\u044f"]}}]	22	1
63	2024-03-21 14:46:34.34022+00	9	Image object (9)	1	[{"added": {}}]	38	1
64	2024-03-21 14:46:43.929165+00	10	Image object (10)	1	[{"added": {}}]	38	1
65	2024-03-21 14:46:54.496533+00	11	Image object (11)	1	[{"added": {}}]	38	1
66	2024-03-21 14:47:03.75212+00	12	Image object (12)	1	[{"added": {}}]	38	1
67	2024-03-21 14:47:12.119489+00	13	Image object (13)	1	[{"added": {}}]	38	1
68	2024-03-21 14:48:10.187161+00	9	фестивали	1	[{"added": {}}]	15	1
69	2024-03-21 14:48:31.459073+00	10	семинары	1	[{"added": {}}]	15	1
70	2024-03-21 14:48:37.959292+00	10	семинары	3		15	1
71	2024-03-21 14:48:55.952953+00	1	спектакли	3		15	1
72	2024-03-21 14:49:17.351798+00	11	ярмарки	1	[{"added": {}}]	15	1
73	2024-03-21 14:49:59.46264+00	11	наука и IT	1	[{"added": {}}]	17	1
74	2024-03-21 15:03:54.350609+00	11	ololo	1	[{"added": {}}, {"added": {"name": "\\u041d\\u043e\\u043c\\u0435\\u0440 \\u0442\\u0435\\u043b\\u0435\\u0444\\u043e\\u043d\\u0430", "object": "+996777100030"}}, {"added": {"name": "\\u0421\\u0441\\u044b\\u043b\\u043a\\u0430", "object": "instagram"}}, {"added": {"name": "\\u0421\\u0441\\u044b\\u043b\\u043a\\u0430", "object": "facebook"}}, {"added": {"name": "\\u0421\\u0441\\u044b\\u043b\\u043a\\u0430", "object": "website"}}, {"added": {"name": "\\u0410\\u0434\\u0440\\u0435\\u0441", "object": "OrganizerAddress object (9)"}}]	7	1
133	2024-03-22 11:57:30.990642+00	22	Пробный урок	1	[{"added": {}}, {"added": {"name": "\\u0411\\u0430\\u043d\\u043d\\u0435\\u0440", "object": "\\u041f\\u0440\\u043e\\u0431\\u043d\\u044b\\u0439 \\u0443\\u0440\\u043e\\u043a"}}, {"added": {"name": "\\u0414\\u0430\\u0442\\u0430 \\u0438 \\u0432\\u0440\\u0435\\u043c\\u044f \\u043c\\u0435\\u0440\\u043e\\u043f\\u0440\\u0438\\u044f\\u0442\\u0438\\u044f", "object": "17:57:16, 17:57:20"}}]	22	1
75	2024-03-21 15:04:46.635857+00	10	Money Talks: Неудобные вопросы о финансах	1	[{"added": {}}, {"added": {"name": "\\u0411\\u0430\\u043d\\u043d\\u0435\\u0440", "object": "Money Talks: \\u041d\\u0435\\u0443\\u0434\\u043e\\u0431\\u043d\\u044b\\u0435 \\u0432\\u043e\\u043f\\u0440\\u043e\\u0441\\u044b \\u043e \\u0444\\u0438\\u043d\\u0430\\u043d\\u0441\\u0430\\u0445"}}, {"added": {"name": "\\u0414\\u0430\\u0442\\u0430 \\u0438 \\u0432\\u0440\\u0435\\u043c\\u044f \\u043c\\u0435\\u0440\\u043e\\u043f\\u0440\\u0438\\u044f\\u0442\\u0438\\u044f", "object": "19:00:00, 21:00:00"}}]	22	1
76	2024-03-21 16:09:04.197963+00	1	Question object (1)	1	[{"added": {}}]	39	1
77	2024-03-21 16:09:18.615754+00	2	Question object (2)	1	[{"added": {}}]	39	1
78	2024-03-21 16:12:00.920538+00	3	Question object (3)	1	[{"added": {}}]	39	1
79	2024-03-21 16:13:28.47816+00	4	Question object (4)	1	[{"added": {}}]	39	1
80	2024-03-21 16:14:02.5772+00	1	Question object (1)	2	[{"changed": {"fields": ["Answer"]}}]	39	1
81	2024-03-21 16:16:28.924781+00	5	Question object (5)	1	[{"added": {}}]	39	1
82	2024-03-21 16:16:57.485049+00	4	Question object (4)	2	[{"changed": {"fields": ["Answer"]}}]	39	1
83	2024-03-21 16:17:11.310551+00	5	Question object (5)	2	[{"changed": {"fields": ["Answer"]}}]	39	1
84	2024-03-21 16:17:19.817078+00	4	Question object (4)	2	[{"changed": {"fields": ["Answer"]}}]	39	1
85	2024-03-21 16:17:37.825263+00	1	Question object (1)	2	[{"changed": {"fields": ["Question"]}}]	39	1
86	2024-03-21 16:17:42.43965+00	2	Question object (2)	2	[{"changed": {"fields": ["Question"]}}]	39	1
87	2024-03-21 16:17:46.343068+00	3	Question object (3)	2	[{"changed": {"fields": ["Question"]}}]	39	1
88	2024-03-21 16:17:50.378664+00	4	Question object (4)	2	[{"changed": {"fields": ["Question"]}}]	39	1
89	2024-03-21 16:17:55.527699+00	5	Question object (5)	2	[{"changed": {"fields": ["Question"]}}]	39	1
90	2024-03-21 16:53:06.354795+00	12	квизы	1	[{"added": {}}]	15	1
91	2024-03-21 16:53:53.688119+00	12	развлечения	1	[{"added": {}}]	17	1
92	2024-03-21 16:56:48.014656+00	12	Квиз Хаб	1	[{"added": {}}, {"added": {"name": "\\u041d\\u043e\\u043c\\u0435\\u0440 \\u0442\\u0435\\u043b\\u0435\\u0444\\u043e\\u043d\\u0430", "object": "+996555746317"}}, {"added": {"name": "\\u0421\\u0441\\u044b\\u043b\\u043a\\u0430", "object": "instagram"}}]	7	1
93	2024-03-21 16:57:39.58883+00	11	Квиз Хаб: Сверхъестественное	1	[{"added": {}}, {"added": {"name": "\\u0411\\u0430\\u043d\\u043d\\u0435\\u0440", "object": "\\u041a\\u0432\\u0438\\u0437 \\u0425\\u0430\\u0431: \\u0421\\u0432\\u0435\\u0440\\u0445\\u044a\\u0435\\u0441\\u0442\\u0435\\u0441\\u0442\\u0432\\u0435\\u043d\\u043d\\u043e\\u0435"}}, {"added": {"name": "\\u0414\\u0430\\u0442\\u0430 \\u0438 \\u0432\\u0440\\u0435\\u043c\\u044f \\u043c\\u0435\\u0440\\u043e\\u043f\\u0440\\u0438\\u044f\\u0442\\u0438\\u044f", "object": "19:00:00, 22:00:00"}}]	22	1
94	2024-03-21 16:59:46.674363+00	13	клубы по интересам	1	[{"added": {}}]	15	1
95	2024-03-21 17:00:41.058302+00	12	Вечера настольных игр	1	[{"added": {}}, {"added": {"name": "\\u0411\\u0430\\u043d\\u043d\\u0435\\u0440", "object": "\\u0412\\u0435\\u0447\\u0435\\u0440\\u0430 \\u043d\\u0430\\u0441\\u0442\\u043e\\u043b\\u044c\\u043d\\u044b\\u0445 \\u0438\\u0433\\u0440"}}, {"added": {"name": "\\u0412\\u0440\\u0435\\u043c\\u044f \\u043f\\u0440\\u043e\\u0432\\u0435\\u0434\\u0435\\u043d\\u0438\\u044f \\u043c\\u0435\\u0440\\u043e\\u043f\\u0440\\u0438\\u044f\\u0442\\u0438\\u0438", "object": "sa"}}]	20	1
96	2024-03-21 17:04:33.019988+00	13	Устные встречи с психологом	1	[{"added": {}}, {"added": {"name": "\\u0411\\u0430\\u043d\\u043d\\u0435\\u0440", "object": "\\u0423\\u0441\\u0442\\u043d\\u044b\\u0435 \\u0432\\u0441\\u0442\\u0440\\u0435\\u0447\\u0438 \\u0441 \\u043f\\u0441\\u0438\\u0445\\u043e\\u043b\\u043e\\u0433\\u043e\\u043c"}}, {"added": {"name": "\\u0412\\u0440\\u0435\\u043c\\u044f \\u043f\\u0440\\u043e\\u0432\\u0435\\u0434\\u0435\\u043d\\u0438\\u044f \\u043c\\u0435\\u0440\\u043e\\u043f\\u0440\\u0438\\u044f\\u0442\\u0438\\u0438", "object": "sa"}}]	20	1
97	2024-03-21 17:06:15.540642+00	14	Клуб ораторов	1	[{"added": {}}, {"added": {"name": "\\u0411\\u0430\\u043d\\u043d\\u0435\\u0440", "object": "\\u041a\\u043b\\u0443\\u0431 \\u043e\\u0440\\u0430\\u0442\\u043e\\u0440\\u043e\\u0432"}}, {"added": {"name": "\\u0412\\u0440\\u0435\\u043c\\u044f \\u043f\\u0440\\u043e\\u0432\\u0435\\u0434\\u0435\\u043d\\u0438\\u044f \\u043c\\u0435\\u0440\\u043e\\u043f\\u0440\\u0438\\u044f\\u0442\\u0438\\u0438", "object": "th"}}]	20	1
98	2024-03-21 17:11:34.394822+00	15	Семейный Шоу-спектакль "Зайцы"	1	[{"added": {}}, {"added": {"name": "\\u0411\\u0430\\u043d\\u043d\\u0435\\u0440", "object": "\\u0421\\u0435\\u043c\\u0435\\u0439\\u043d\\u044b\\u0439 \\u0428\\u043e\\u0443-\\u0441\\u043f\\u0435\\u043a\\u0442\\u0430\\u043a\\u043b\\u044c \\"\\u0417\\u0430\\u0439\\u0446\\u044b\\""}}, {"added": {"name": "\\u0414\\u0430\\u0442\\u0430 \\u0438 \\u0432\\u0440\\u0435\\u043c\\u044f \\u043c\\u0435\\u0440\\u043e\\u043f\\u0440\\u0438\\u044f\\u0442\\u0438\\u044f", "object": "14:00:00, 15:30:00"}}, {"added": {"name": "\\u0414\\u0430\\u0442\\u0430 \\u0438 \\u0432\\u0440\\u0435\\u043c\\u044f \\u043c\\u0435\\u0440\\u043e\\u043f\\u0440\\u0438\\u044f\\u0442\\u0438\\u044f", "object": "14:00:00, 15:30:00"}}, {"added": {"name": "\\u0414\\u0430\\u0442\\u0430 \\u0438 \\u0432\\u0440\\u0435\\u043c\\u044f \\u043c\\u0435\\u0440\\u043e\\u043f\\u0440\\u0438\\u044f\\u0442\\u0438\\u044f", "object": "11:00:00, 12:30:00"}}, {"added": {"name": "\\u0414\\u0430\\u0442\\u0430 \\u0438 \\u0432\\u0440\\u0435\\u043c\\u044f \\u043c\\u0435\\u0440\\u043e\\u043f\\u0440\\u0438\\u044f\\u0442\\u0438\\u044f", "object": "14:00:00, 15:30:00"}}]	22	1
99	2024-03-21 17:14:22.908339+00	16	BN Team: Мир Болливуда	1	[{"added": {}}, {"added": {"name": "\\u0411\\u0430\\u043d\\u043d\\u0435\\u0440", "object": "BN Team: \\u041c\\u0438\\u0440 \\u0411\\u043e\\u043b\\u043b\\u0438\\u0432\\u0443\\u0434\\u0430"}}, {"added": {"name": "\\u0414\\u0430\\u0442\\u0430 \\u0438 \\u0432\\u0440\\u0435\\u043c\\u044f \\u043c\\u0435\\u0440\\u043e\\u043f\\u0440\\u0438\\u044f\\u0442\\u0438\\u044f", "object": "19:00:00, 20:30:00"}}]	22	1
100	2024-03-21 17:15:59.184529+00	17	Эр Төштүк	1	[{"added": {}}, {"added": {"name": "\\u0411\\u0430\\u043d\\u043d\\u0435\\u0440", "object": "\\u042d\\u0440 \\u0422\\u04e9\\u0448\\u0442\\u04af\\u043a"}}, {"added": {"name": "\\u0414\\u0430\\u0442\\u0430 \\u0438 \\u0432\\u0440\\u0435\\u043c\\u044f \\u043c\\u0435\\u0440\\u043e\\u043f\\u0440\\u0438\\u044f\\u0442\\u0438\\u044f", "object": "18:30:00, 20:00:00"}}, {"added": {"name": "\\u0414\\u0430\\u0442\\u0430 \\u0438 \\u0432\\u0440\\u0435\\u043c\\u044f \\u043c\\u0435\\u0440\\u043e\\u043f\\u0440\\u0438\\u044f\\u0442\\u0438\\u044f", "object": "18:30:00, 20:00:00"}}]	22	1
101	2024-03-21 17:18:36.958719+00	18	Комедия "Номер 13"	1	[{"added": {}}, {"added": {"name": "\\u0411\\u0430\\u043d\\u043d\\u0435\\u0440", "object": "\\u041a\\u043e\\u043c\\u0435\\u0434\\u0438\\u044f \\"\\u041d\\u043e\\u043c\\u0435\\u0440 13\\""}}, {"added": {"name": "\\u0414\\u0430\\u0442\\u0430 \\u0438 \\u0432\\u0440\\u0435\\u043c\\u044f \\u043c\\u0435\\u0440\\u043e\\u043f\\u0440\\u0438\\u044f\\u0442\\u0438\\u044f", "object": "18:00:00, 20:00:00"}}, {"added": {"name": "\\u0414\\u0430\\u0442\\u0430 \\u0438 \\u0432\\u0440\\u0435\\u043c\\u044f \\u043c\\u0435\\u0440\\u043e\\u043f\\u0440\\u0438\\u044f\\u0442\\u0438\\u044f", "object": "18:00:00, 20:00:00"}}, {"added": {"name": "\\u0414\\u0430\\u0442\\u0430 \\u0438 \\u0432\\u0440\\u0435\\u043c\\u044f \\u043c\\u0435\\u0440\\u043e\\u043f\\u0440\\u0438\\u044f\\u0442\\u0438\\u044f", "object": "18:00:00, 20:00:00"}}]	22	1
102	2024-03-21 17:21:09.548915+00	19	Шоколадная фабрика Вилли Вонки	1	[{"added": {}}, {"added": {"name": "\\u0411\\u0430\\u043d\\u043d\\u0435\\u0440", "object": "\\u0428\\u043e\\u043a\\u043e\\u043b\\u0430\\u0434\\u043d\\u0430\\u044f \\u0444\\u0430\\u0431\\u0440\\u0438\\u043a\\u0430 \\u0412\\u0438\\u043b\\u043b\\u0438 \\u0412\\u043e\\u043d\\u043a\\u0438"}}, {"added": {"name": "\\u0414\\u0430\\u0442\\u0430 \\u0438 \\u0432\\u0440\\u0435\\u043c\\u044f \\u043c\\u0435\\u0440\\u043e\\u043f\\u0440\\u0438\\u044f\\u0442\\u0438\\u044f", "object": "11:00:00, 12:15:00"}}, {"added": {"name": "\\u0414\\u0430\\u0442\\u0430 \\u0438 \\u0432\\u0440\\u0435\\u043c\\u044f \\u043c\\u0435\\u0440\\u043e\\u043f\\u0440\\u0438\\u044f\\u0442\\u0438\\u044f", "object": "11:00:00, 12:15:00"}}]	22	1
103	2024-03-21 17:26:42.350558+00	20	ololo English club	1	[{"added": {}}, {"added": {"name": "\\u0411\\u0430\\u043d\\u043d\\u0435\\u0440", "object": "ololo English club"}}, {"added": {"name": "\\u0412\\u0440\\u0435\\u043c\\u044f \\u043f\\u0440\\u043e\\u0432\\u0435\\u0434\\u0435\\u043d\\u0438\\u044f \\u043c\\u0435\\u0440\\u043e\\u043f\\u0440\\u0438\\u044f\\u0442\\u0438\\u0438", "object": "fr"}}]	20	1
104	2024-03-21 17:28:39.851664+00	13	языки	1	[{"added": {}}]	17	1
105	2024-03-21 17:30:05.367158+00	21	ololo Book Club	1	[{"added": {}}, {"added": {"name": "\\u0411\\u0430\\u043d\\u043d\\u0435\\u0440", "object": "ololo Book Club"}}, {"added": {"name": "\\u0412\\u0440\\u0435\\u043c\\u044f \\u043f\\u0440\\u043e\\u0432\\u0435\\u0434\\u0435\\u043d\\u0438\\u044f \\u043c\\u0435\\u0440\\u043e\\u043f\\u0440\\u0438\\u044f\\u0442\\u0438\\u0438", "object": "th"}}]	20	1
106	2024-03-21 17:30:37.805034+00	8	English Talking Club	2	[{"changed": {"fields": ["\\u041a\\u0430\\u0442\\u0435\\u0433\\u043e\\u0440\\u0438\\u044f", "\\u0418\\u043d\\u0442\\u0435\\u0440\\u0435\\u0441\\u044b"]}}]	20	1
107	2024-03-21 17:30:45.042038+00	20	ololo English club	2	[{"changed": {"fields": ["\\u0418\\u043d\\u0442\\u0435\\u0440\\u0435\\u0441\\u044b"]}}]	20	1
108	2024-03-21 17:30:57.786875+00	5	разговорные клубы	2	[]	15	1
109	2024-03-21 17:31:04.900782+00	5	разговорные клубы	3		15	1
110	2024-03-21 17:31:36.406332+00	10	мода	3		17	1
111	2024-03-21 17:32:06.650761+00	8	спорт	3		17	1
112	2024-03-21 17:33:26.854236+00	4	вечера	2	[{"changed": {"fields": ["\\u041a\\u0430\\u0442\\u0435\\u0433\\u043e\\u0440\\u0438\\u044f"]}}]	15	1
113	2024-03-22 10:14:43.7466+00	12	Квиз Хаб	2	[{"changed": {"fields": ["Is verified"]}}]	7	1
114	2024-03-22 10:14:50.25786+00	11	ololo	2	[]	7	1
115	2024-03-22 10:28:15.79946+00	11	ololo	2	[{"changed": {"fields": ["City"]}}]	7	1
116	2024-03-22 10:28:32.21768+00	6	Кыргызская государственная филармония	2	[{"changed": {"fields": ["City"]}}]	7	1
117	2024-03-22 10:28:32.369823+00	6	Кыргызская государственная филармония	2	[]	7	1
118	2024-03-22 10:37:54.155952+00	3	Русский театр драмы	2	[{"changed": {"fields": ["City"]}}]	7	1
119	2024-03-22 10:38:52.109342+00	3	Русский театр драмы	2	[{"added": {"name": "\\u041d\\u043e\\u043c\\u0435\\u0440 \\u0442\\u0435\\u043b\\u0435\\u0444\\u043e\\u043d\\u0430", "object": "https://t.me/rusteatr"}}]	7	1
120	2024-03-22 10:39:26.420927+00	3	Русский театр драмы	2	[{"deleted": {"name": "\\u041d\\u043e\\u043c\\u0435\\u0440 \\u0442\\u0435\\u043b\\u0435\\u0444\\u043e\\u043d\\u0430", "object": "+996312624606"}}]	7	1
121	2024-03-22 10:39:55.454063+00	3	Русский театр драмы	2	[{"changed": {"name": "\\u041d\\u043e\\u043c\\u0435\\u0440 \\u0442\\u0435\\u043b\\u0435\\u0444\\u043e\\u043d\\u0430", "object": "@rusteatr", "fields": ["\\u0412\\u0432\\u0435\\u0434\\u0438\\u0442\\u0435 \\u0434\\u0430\\u043d\\u043d\\u044b\\u0435"]}}]	7	1
122	2024-03-22 10:41:49.44068+00	11	ololo	2	[{"changed": {"fields": ["\\u0411\\u0430\\u043d\\u043d\\u0435\\u0440"]}}]	7	1
123	2024-03-22 10:46:05.925704+00	2	Музыка кочевников	2	[{"changed": {"name": "\\u0414\\u0430\\u0442\\u0430 \\u0438 \\u0432\\u0440\\u0435\\u043c\\u044f \\u043c\\u0435\\u0440\\u043e\\u043f\\u0440\\u0438\\u044f\\u0442\\u0438\\u044f", "object": "23:45:00, 23:50:00", "fields": ["\\u0412\\u0440\\u0435\\u043c\\u044f \\u043d\\u0430\\u0447\\u0430\\u043b\\u0430 \\u0441\\u043e\\u0431\\u044b\\u0442\\u0438\\u044f", "\\u0412\\u0440\\u0435\\u043c\\u044f \\u043e\\u043a\\u043e\\u043d\\u0447\\u0430\\u043d\\u0438\\u044f \\u0441\\u043e\\u0431\\u044b\\u0442\\u0438\\u044f", "\\u0423\\u043a\\u0430\\u0436\\u0438\\u0442\\u0435 \\u0434\\u0430\\u0442\\u0443 \\u043d\\u0430\\u0447\\u0430\\u043b\\u0430 \\u0441\\u043e\\u0431\\u044b\\u0442\\u0438\\u044f"]}}]	22	1
124	2024-03-22 10:48:14.192964+00	2	Музыка кочевников	2	[{"changed": {"name": "\\u0414\\u0430\\u0442\\u0430 \\u0438 \\u0432\\u0440\\u0435\\u043c\\u044f \\u043c\\u0435\\u0440\\u043e\\u043f\\u0440\\u0438\\u044f\\u0442\\u0438\\u044f", "object": "22:45:00, 23:50:00", "fields": ["\\u0412\\u0440\\u0435\\u043c\\u044f \\u043d\\u0430\\u0447\\u0430\\u043b\\u0430 \\u0441\\u043e\\u0431\\u044b\\u0442\\u0438\\u044f"]}}]	22	1
125	2024-03-22 10:49:33.706167+00	2	Музыка кочевников	2	[{"changed": {"name": "\\u0414\\u0430\\u0442\\u0430 \\u0438 \\u0432\\u0440\\u0435\\u043c\\u044f \\u043c\\u0435\\u0440\\u043e\\u043f\\u0440\\u0438\\u044f\\u0442\\u0438\\u044f", "object": "22:00:00, 23:50:00", "fields": ["\\u0412\\u0440\\u0435\\u043c\\u044f \\u043d\\u0430\\u0447\\u0430\\u043b\\u0430 \\u0441\\u043e\\u0431\\u044b\\u0442\\u0438\\u044f"]}}]	22	1
126	2024-03-22 10:51:00.282628+00	2	Музыка кочевников	2	[{"changed": {"name": "\\u0414\\u0430\\u0442\\u0430 \\u0438 \\u0432\\u0440\\u0435\\u043c\\u044f \\u043c\\u0435\\u0440\\u043e\\u043f\\u0440\\u0438\\u044f\\u0442\\u0438\\u044f", "object": "23:00:00, 23:50:00", "fields": ["\\u0412\\u0440\\u0435\\u043c\\u044f \\u043d\\u0430\\u0447\\u0430\\u043b\\u0430 \\u0441\\u043e\\u0431\\u044b\\u0442\\u0438\\u044f"]}}]	22	1
127	2024-03-22 10:54:08.174405+00	19	Шоколадная фабрика Вилли Вонки	2	[{"changed": {"name": "\\u0414\\u0430\\u0442\\u0430 \\u0438 \\u0432\\u0440\\u0435\\u043c\\u044f \\u043c\\u0435\\u0440\\u043e\\u043f\\u0440\\u0438\\u044f\\u0442\\u0438\\u044f", "object": "11:00:00, 17:15:00", "fields": ["\\u0412\\u0440\\u0435\\u043c\\u044f \\u043e\\u043a\\u043e\\u043d\\u0447\\u0430\\u043d\\u0438\\u044f \\u0441\\u043e\\u0431\\u044b\\u0442\\u0438\\u044f"]}}, {"changed": {"name": "\\u0414\\u0430\\u0442\\u0430 \\u0438 \\u0432\\u0440\\u0435\\u043c\\u044f \\u043c\\u0435\\u0440\\u043e\\u043f\\u0440\\u0438\\u044f\\u0442\\u0438\\u044f", "object": "11:00:00, 18:15:00", "fields": ["\\u0412\\u0440\\u0435\\u043c\\u044f \\u043e\\u043a\\u043e\\u043d\\u0447\\u0430\\u043d\\u0438\\u044f \\u0441\\u043e\\u0431\\u044b\\u0442\\u0438\\u044f"]}}]	22	1
128	2024-03-22 11:34:38.492716+00	16	bekbolsuntk@gmail.com	2	[{"changed": {"fields": ["City"]}}]	8	1
129	2024-03-22 11:45:39.178756+00	2	Ошская область	1	[{"added": {}}]	25	1
130	2024-03-22 11:45:43.685552+00	2	Ош	1	[{"added": {}}]	26	1
131	2024-03-22 11:46:15.536264+00	5	Винтаж - винный ресторан	2	[{"deleted": {"name": "\\u0410\\u0434\\u0440\\u0435\\u0441", "object": "OrganizerAddress object (None)"}}, {"deleted": {"name": "\\u0410\\u0434\\u0440\\u0435\\u0441", "object": "OrganizerAddress object (None)"}}]	7	1
132	2024-03-22 11:55:24.163602+00	23	Geeks	1	[{"added": {}}, {"added": {"name": "\\u041d\\u043e\\u043c\\u0435\\u0440 \\u0442\\u0435\\u043b\\u0435\\u0444\\u043e\\u043d\\u0430", "object": "996552052695"}}, {"added": {"name": "\\u0421\\u0441\\u044b\\u043b\\u043a\\u0430", "object": "instagram"}}, {"added": {"name": "\\u0410\\u0434\\u0440\\u0435\\u0441", "object": "OrganizerAddress object (10)"}}]	7	1
134	2024-03-22 11:58:44.378436+00	23	Мастер класс	1	[{"added": {}}, {"added": {"name": "\\u0411\\u0430\\u043d\\u043d\\u0435\\u0440", "object": "\\u041c\\u0430\\u0441\\u0442\\u0435\\u0440 \\u043a\\u043b\\u0430\\u0441\\u0441"}}, {"added": {"name": "\\u0412\\u0440\\u0435\\u043c\\u044f \\u043f\\u0440\\u043e\\u0432\\u0435\\u0434\\u0435\\u043d\\u0438\\u044f \\u043c\\u0435\\u0440\\u043e\\u043f\\u0440\\u0438\\u044f\\u0442\\u0438\\u0438", "object": "tu"}}]	20	1
135	2024-03-22 12:05:48.337136+00	22	Пробный урок	3		22	1
136	2024-03-22 12:06:31.037488+00	23	Мастер класс	3		20	1
137	2024-03-22 12:07:09.48349+00	23	Geeks	3		7	1
138	2024-03-22 12:25:01.63459+00	14	Image object (14)	1	[{"added": {}}]	38	1
139	2024-03-22 12:34:37.119317+00	25	geeks	1	[{"added": {}}, {"added": {"name": "\\u041d\\u043e\\u043c\\u0435\\u0440 \\u0442\\u0435\\u043b\\u0435\\u0444\\u043e\\u043d\\u0430", "object": "+996312661210"}}, {"added": {"name": "\\u041d\\u043e\\u043c\\u0435\\u0440 \\u0442\\u0435\\u043b\\u0435\\u0444\\u043e\\u043d\\u0430", "object": "+996 (555) 42-40-04"}}, {"added": {"name": "\\u0421\\u0441\\u044b\\u043b\\u043a\\u0430", "object": "instagram"}}, {"added": {"name": "\\u0410\\u0434\\u0440\\u0435\\u0441", "object": "OrganizerAddress object (11)"}}]	7	1
140	2024-03-22 12:37:44.766376+00	24	it	1	[{"added": {}}, {"added": {"name": "\\u0411\\u0430\\u043d\\u043d\\u0435\\u0440", "object": "it"}}, {"added": {"name": "\\u0411\\u0430\\u043d\\u043d\\u0435\\u0440", "object": "it"}}, {"added": {"name": "\\u0414\\u0430\\u0442\\u0430 \\u0438 \\u0432\\u0440\\u0435\\u043c\\u044f \\u043c\\u0435\\u0440\\u043e\\u043f\\u0440\\u0438\\u044f\\u0442\\u0438\\u044f", "object": "18:00:00, 20:00:00"}}, {"added": {"name": "\\u0414\\u0430\\u0442\\u0430 \\u0438 \\u0432\\u0440\\u0435\\u043c\\u044f \\u043c\\u0435\\u0440\\u043e\\u043f\\u0440\\u0438\\u044f\\u0442\\u0438\\u044f", "object": "12:00:00, 15:00:00"}}]	22	1
141	2024-03-22 12:40:03.846076+00	24	it	2	[{"changed": {"name": "\\u0414\\u0430\\u0442\\u0430 \\u0438 \\u0432\\u0440\\u0435\\u043c\\u044f \\u043c\\u0435\\u0440\\u043e\\u043f\\u0440\\u0438\\u044f\\u0442\\u0438\\u044f", "object": "18:00:00, 20:00:00", "fields": ["\\u0423\\u043a\\u0430\\u0436\\u0438\\u0442\\u0435 \\u0434\\u0430\\u0442\\u0443 \\u043d\\u0430\\u0447\\u0430\\u043b\\u0430 \\u0441\\u043e\\u0431\\u044b\\u0442\\u0438\\u044f"]}}]	22	1
142	2024-03-22 12:42:46.287331+00	25	Geeks party	1	[{"added": {}}, {"added": {"name": "\\u0411\\u0430\\u043d\\u043d\\u0435\\u0440", "object": "Geeks party"}}, {"added": {"name": "\\u0412\\u0440\\u0435\\u043c\\u044f \\u043f\\u0440\\u043e\\u0432\\u0435\\u0434\\u0435\\u043d\\u0438\\u044f \\u043c\\u0435\\u0440\\u043e\\u043f\\u0440\\u0438\\u044f\\u0442\\u0438\\u0438", "object": "mo"}}]	20	1
143	2024-03-22 12:43:10.835464+00	24	it	2	[{"changed": {"name": "\\u0411\\u0430\\u043d\\u043d\\u0435\\u0440", "object": "it", "fields": ["\\u0413\\u043b\\u0430\\u0432\\u043d\\u0430\\u044f \\u043a\\u0430\\u0440\\u0442\\u0438\\u043d\\u043a\\u0430"]}}]	22	1
144	2024-03-22 12:47:43.064901+00	24	it	2	[]	22	1
145	2024-03-22 12:51:00.234776+00	24	it	2	[{"changed": {"fields": ["\\u041e\\u0440\\u0433\\u0430\\u043d\\u0438\\u0437\\u0430\\u0442\\u043e\\u0440 \\u043c\\u0435\\u0440\\u043e\\u043f\\u0440\\u0438\\u044f\\u0442\\u0438\\u044f"]}}]	22	1
146	2024-03-22 12:51:44.790892+00	25	geeks	2	[{"changed": {"fields": ["Last login"]}}]	7	1
147	2024-03-22 12:51:55.681186+00	25	geeks	2	[{"changed": {"fields": ["Is staff"]}}]	7	1
148	2024-03-22 12:53:39.265314+00	24	new_geeks_it	2	[{"changed": {"fields": ["\\u0417\\u0430\\u0433\\u043e\\u043b\\u043e\\u0432\\u043e\\u043a"]}}]	22	1
149	2024-03-22 12:54:17.507834+00	24	new_geeks_it	2	[{"changed": {"name": "\\u0414\\u0430\\u0442\\u0430 \\u0438 \\u0432\\u0440\\u0435\\u043c\\u044f \\u043c\\u0435\\u0440\\u043e\\u043f\\u0440\\u0438\\u044f\\u0442\\u0438\\u044f", "object": "21:00:00, 22:00:00", "fields": ["\\u0412\\u0440\\u0435\\u043c\\u044f \\u043d\\u0430\\u0447\\u0430\\u043b\\u0430 \\u0441\\u043e\\u0431\\u044b\\u0442\\u0438\\u044f", "\\u0412\\u0440\\u0435\\u043c\\u044f \\u043e\\u043a\\u043e\\u043d\\u0447\\u0430\\u043d\\u0438\\u044f \\u0441\\u043e\\u0431\\u044b\\u0442\\u0438\\u044f"]}}]	22	1
150	2024-03-22 12:57:01.856534+00	24	new_geeks_it	2	[{"changed": {"fields": ["\\u042f\\u0437\\u044b\\u043a"]}}]	22	1
151	2024-03-27 11:42:25.35822+00	4	Question object (4)	2	[{"changed": {"fields": ["Question"]}}]	39	1
152	2024-03-28 14:01:55.434541+00	26	Мир турецких сериалов	1	[{"added": {}}, {"added": {"name": "\\u0411\\u0430\\u043d\\u043d\\u0435\\u0440", "object": "\\u041c\\u0438\\u0440 \\u0442\\u0443\\u0440\\u0435\\u0446\\u043a\\u0438\\u0445 \\u0441\\u0435\\u0440\\u0438\\u0430\\u043b\\u043e\\u0432"}}, {"added": {"name": "\\u0414\\u0430\\u0442\\u0430 \\u0438 \\u0432\\u0440\\u0435\\u043c\\u044f \\u043c\\u0435\\u0440\\u043e\\u043f\\u0440\\u0438\\u044f\\u0442\\u0438\\u044f", "object": "21:30:00, 22:30:00"}}]	22	1
153	2024-03-28 14:03:27.942479+00	27	Мамуля	1	[{"added": {}}, {"added": {"name": "\\u0411\\u0430\\u043d\\u043d\\u0435\\u0440", "object": "\\u041c\\u0430\\u043c\\u0443\\u043b\\u044f"}}, {"added": {"name": "\\u0414\\u0430\\u0442\\u0430 \\u0438 \\u0432\\u0440\\u0435\\u043c\\u044f \\u043c\\u0435\\u0440\\u043e\\u043f\\u0440\\u0438\\u044f\\u0442\\u0438\\u044f", "object": "18:00:00, 20:00:00"}}]	22	1
154	2024-03-28 14:04:38.660339+00	28	TCHAIKOVSKY	1	[{"added": {}}, {"added": {"name": "\\u0411\\u0430\\u043d\\u043d\\u0435\\u0440", "object": "TCHAIKOVSKY"}}, {"added": {"name": "\\u0414\\u0430\\u0442\\u0430 \\u0438 \\u0432\\u0440\\u0435\\u043c\\u044f \\u043c\\u0435\\u0440\\u043e\\u043f\\u0440\\u0438\\u044f\\u0442\\u0438\\u044f", "object": "18:30:00, 19:30:00"}}]	22	1
155	2024-03-28 14:06:26.675306+00	29	Джаз Бишкек весна 2024	1	[{"added": {}}, {"added": {"name": "\\u0411\\u0430\\u043d\\u043d\\u0435\\u0440", "object": "\\u0414\\u0436\\u0430\\u0437 \\u0411\\u0438\\u0448\\u043a\\u0435\\u043a \\u0432\\u0435\\u0441\\u043d\\u0430 2024"}}, {"added": {"name": "\\u0414\\u0430\\u0442\\u0430 \\u0438 \\u0432\\u0440\\u0435\\u043c\\u044f \\u043c\\u0435\\u0440\\u043e\\u043f\\u0440\\u0438\\u044f\\u0442\\u0438\\u044f", "object": "18:30:00, 20:00:00"}}, {"added": {"name": "\\u0414\\u0430\\u0442\\u0430 \\u0438 \\u0432\\u0440\\u0435\\u043c\\u044f \\u043c\\u0435\\u0440\\u043e\\u043f\\u0440\\u0438\\u044f\\u0442\\u0438\\u044f", "object": "18:30:00, 20:00:00"}}]	22	1
156	2024-03-28 14:07:40.144086+00	30	Вселенная фэнтези	1	[{"added": {}}, {"added": {"name": "\\u0411\\u0430\\u043d\\u043d\\u0435\\u0440", "object": "\\u0412\\u0441\\u0435\\u043b\\u0435\\u043d\\u043d\\u0430\\u044f \\u0444\\u044d\\u043d\\u0442\\u0435\\u0437\\u0438"}}, {"added": {"name": "\\u0414\\u0430\\u0442\\u0430 \\u0438 \\u0432\\u0440\\u0435\\u043c\\u044f \\u043c\\u0435\\u0440\\u043e\\u043f\\u0440\\u0438\\u044f\\u0442\\u0438\\u044f", "object": "19:00:00, 21:00:00"}}]	22	1
157	2024-03-28 14:11:28.027315+00	31	Мастер-класс «Как подготовиться к первому интервью»	1	[{"added": {}}, {"added": {"name": "\\u0411\\u0430\\u043d\\u043d\\u0435\\u0440", "object": "\\u041c\\u0430\\u0441\\u0442\\u0435\\u0440-\\u043a\\u043b\\u0430\\u0441\\u0441 \\u00ab\\u041a\\u0430\\u043a \\u043f\\u043e\\u0434\\u0433\\u043e\\u0442\\u043e\\u0432\\u0438\\u0442\\u044c\\u0441\\u044f \\u043a \\u043f\\u0435\\u0440\\u0432\\u043e\\u043c\\u0443 \\u0438\\u043d\\u0442\\u0435\\u0440\\u0432\\u044c\\u044e\\u00bb"}}, {"added": {"name": "\\u0414\\u0430\\u0442\\u0430 \\u0438 \\u0432\\u0440\\u0435\\u043c\\u044f \\u043c\\u0435\\u0440\\u043e\\u043f\\u0440\\u0438\\u044f\\u0442\\u0438\\u044f", "object": "18:30:00, 20:00:00"}}]	22	1
158	2024-03-28 14:12:22.192431+00	32	Квиз Хаб: Хоббит	1	[{"added": {}}, {"added": {"name": "\\u0411\\u0430\\u043d\\u043d\\u0435\\u0440", "object": "\\u041a\\u0432\\u0438\\u0437 \\u0425\\u0430\\u0431: \\u0425\\u043e\\u0431\\u0431\\u0438\\u0442"}}, {"added": {"name": "\\u0414\\u0430\\u0442\\u0430 \\u0438 \\u0432\\u0440\\u0435\\u043c\\u044f \\u043c\\u0435\\u0440\\u043e\\u043f\\u0440\\u0438\\u044f\\u0442\\u0438\\u044f", "object": "19:00:00, 22:00:00"}}]	22	1
159	2024-03-28 14:13:31.074052+00	33	Пробный урок по Digital Art	1	[{"added": {}}, {"added": {"name": "\\u0411\\u0430\\u043d\\u043d\\u0435\\u0440", "object": "\\u041f\\u0440\\u043e\\u0431\\u043d\\u044b\\u0439 \\u0443\\u0440\\u043e\\u043a \\u043f\\u043e Digital Art"}}, {"added": {"name": "\\u0414\\u0430\\u0442\\u0430 \\u0438 \\u0432\\u0440\\u0435\\u043c\\u044f \\u043c\\u0435\\u0440\\u043e\\u043f\\u0440\\u0438\\u044f\\u0442\\u0438\\u044f", "object": "18:00:00, 20:00:00"}}]	22	1
160	2024-03-28 14:14:43.410558+00	34	Jazz Jam: Umbrella Band	1	[{"added": {}}, {"added": {"name": "\\u0411\\u0430\\u043d\\u043d\\u0435\\u0440", "object": "Jazz Jam: Umbrella Band"}}, {"added": {"name": "\\u0414\\u0430\\u0442\\u0430 \\u0438 \\u0432\\u0440\\u0435\\u043c\\u044f \\u043c\\u0435\\u0440\\u043e\\u043f\\u0440\\u0438\\u044f\\u0442\\u0438\\u044f", "object": "22:00:00, 23:59:00"}}]	22	1
161	2024-03-28 14:15:54.282619+00	35	Мастер-класс "Акварелью"	1	[{"added": {}}, {"added": {"name": "\\u0411\\u0430\\u043d\\u043d\\u0435\\u0440", "object": "\\u041c\\u0430\\u0441\\u0442\\u0435\\u0440-\\u043a\\u043b\\u0430\\u0441\\u0441 \\"\\u0410\\u043a\\u0432\\u0430\\u0440\\u0435\\u043b\\u044c\\u044e\\""}}, {"added": {"name": "\\u0414\\u0430\\u0442\\u0430 \\u0438 \\u0432\\u0440\\u0435\\u043c\\u044f \\u043c\\u0435\\u0440\\u043e\\u043f\\u0440\\u0438\\u044f\\u0442\\u0438\\u044f", "object": "15:00:00, 17:00:00"}}]	22	1
162	2024-03-28 14:17:26.292833+00	36	Арт-вечер Kholant art: природа и картинки-аффирмации	1	[{"added": {}}, {"added": {"name": "\\u0411\\u0430\\u043d\\u043d\\u0435\\u0440", "object": "\\u0410\\u0440\\u0442-\\u0432\\u0435\\u0447\\u0435\\u0440 Kholant art: \\u043f\\u0440\\u0438\\u0440\\u043e\\u0434\\u0430 \\u0438 \\u043a\\u0430\\u0440\\u0442\\u0438\\u043d\\u043a\\u0438-\\u0430\\u0444\\u0444\\u0438\\u0440\\u043c\\u0430\\u0446\\u0438\\u0438"}}, {"added": {"name": "\\u0412\\u0440\\u0435\\u043c\\u044f \\u043f\\u0440\\u043e\\u0432\\u0435\\u0434\\u0435\\u043d\\u0438\\u044f \\u043c\\u0435\\u0440\\u043e\\u043f\\u0440\\u0438\\u044f\\u0442\\u0438\\u0438", "object": "fr"}}]	20	1
163	2024-03-28 14:18:47.106365+00	37	Субботник совместно с «Тазалык»	1	[{"added": {}}, {"added": {"name": "\\u0411\\u0430\\u043d\\u043d\\u0435\\u0440", "object": "\\u0421\\u0443\\u0431\\u0431\\u043e\\u0442\\u043d\\u0438\\u043a \\u0441\\u043e\\u0432\\u043c\\u0435\\u0441\\u0442\\u043d\\u043e \\u0441 \\u00ab\\u0422\\u0430\\u0437\\u0430\\u043b\\u044b\\u043a\\u00bb"}}, {"added": {"name": "\\u0412\\u0440\\u0435\\u043c\\u044f \\u043f\\u0440\\u043e\\u0432\\u0435\\u0434\\u0435\\u043d\\u0438\\u044f \\u043c\\u0435\\u0440\\u043e\\u043f\\u0440\\u0438\\u044f\\u0442\\u0438\\u0438", "object": "sa"}}]	20	1
164	2024-03-28 14:21:00.888234+00	38	Пишем картины в тематике "Пробуждение"	1	[{"added": {}}, {"added": {"name": "\\u0411\\u0430\\u043d\\u043d\\u0435\\u0440", "object": "\\u041f\\u0438\\u0448\\u0435\\u043c \\u043a\\u0430\\u0440\\u0442\\u0438\\u043d\\u044b \\u0432 \\u0442\\u0435\\u043c\\u0430\\u0442\\u0438\\u043a\\u0435 \\"\\u041f\\u0440\\u043e\\u0431\\u0443\\u0436\\u0434\\u0435\\u043d\\u0438\\u0435\\""}}, {"added": {"name": "\\u0414\\u0430\\u0442\\u0430 \\u0438 \\u0432\\u0440\\u0435\\u043c\\u044f \\u043c\\u0435\\u0440\\u043e\\u043f\\u0440\\u0438\\u044f\\u0442\\u0438\\u044f", "object": "15:00:00, 19:00:00"}}]	22	1
165	2024-03-28 14:22:01.966429+00	39	Мастер-Класс "Пастелью"	1	[{"added": {}}, {"added": {"name": "\\u0411\\u0430\\u043d\\u043d\\u0435\\u0440", "object": "\\u041c\\u0430\\u0441\\u0442\\u0435\\u0440-\\u041a\\u043b\\u0430\\u0441\\u0441 \\"\\u041f\\u0430\\u0441\\u0442\\u0435\\u043b\\u044c\\u044e\\""}}, {"added": {"name": "\\u0414\\u0430\\u0442\\u0430 \\u0438 \\u0432\\u0440\\u0435\\u043c\\u044f \\u043c\\u0435\\u0440\\u043e\\u043f\\u0440\\u0438\\u044f\\u0442\\u0438\\u044f", "object": "13:00:00, 15:00:00"}}]	22	1
166	2024-04-01 13:28:56.301312+00	14	Image object (14)	3		38	1
\.


--
-- Data for Name: django_celery_beat_clockedschedule; Type: TABLE DATA; Schema: public; Owner: eventic_admin
--

COPY public.django_celery_beat_clockedschedule (id, clocked_time) FROM stdin;
\.


--
-- Data for Name: django_celery_beat_crontabschedule; Type: TABLE DATA; Schema: public; Owner: eventic_admin
--

COPY public.django_celery_beat_crontabschedule (id, minute, hour, day_of_week, day_of_month, month_of_year, timezone) FROM stdin;
\.


--
-- Data for Name: django_celery_beat_intervalschedule; Type: TABLE DATA; Schema: public; Owner: eventic_admin
--

COPY public.django_celery_beat_intervalschedule (id, every, period) FROM stdin;
\.


--
-- Data for Name: django_celery_beat_periodictask; Type: TABLE DATA; Schema: public; Owner: eventic_admin
--

COPY public.django_celery_beat_periodictask (id, name, task, args, kwargs, queue, exchange, routing_key, expires, enabled, last_run_at, total_run_count, date_changed, description, crontab_id, interval_id, solar_id, one_off, start_time, priority, headers, clocked_id, expire_seconds) FROM stdin;
\.


--
-- Data for Name: django_celery_beat_periodictasks; Type: TABLE DATA; Schema: public; Owner: eventic_admin
--

COPY public.django_celery_beat_periodictasks (ident, last_update) FROM stdin;
\.


--
-- Data for Name: django_celery_beat_solarschedule; Type: TABLE DATA; Schema: public; Owner: eventic_admin
--

COPY public.django_celery_beat_solarschedule (id, event, latitude, longitude) FROM stdin;
\.


--
-- Data for Name: django_content_type; Type: TABLE DATA; Schema: public; Owner: eventic_admin
--

COPY public.django_content_type (id, app_label, model) FROM stdin;
1	admin	logentry
2	auth	permission
3	auth	group
4	contenttypes	contenttype
5	sessions	session
6	profiles	baseprofile
7	profiles	organizer
8	profiles	user
9	profiles	viewedevent
10	profiles	sociallink
11	profiles	phonenumber
12	profiles	organizeraddress
13	users	customuser
14	events	baseevent
15	events	category
16	events	eventtime
17	events	interests
18	events	language
19	events	eventdate
20	events	permanentevent
21	events	permanenteventdays
22	events	temporaryevent
23	events	eventbanner
24	locations	country
25	locations	region
26	locations	city
27	locations	address
28	notifications	basenotification
29	notifications	followbase
30	notifications	followorg
31	notifications	followperm
32	notifications	followtemp
33	notifications	organizationnotification
34	notifications	permanentnotification
35	notifications	temporarynotification
36	invitations	category
37	invitations	contact
38	invitations	image
39	questions	question
40	django_celery_beat	crontabschedule
41	django_celery_beat	intervalschedule
42	django_celery_beat	periodictask
43	django_celery_beat	periodictasks
44	django_celery_beat	solarschedule
45	django_celery_beat	clockedschedule
\.


--
-- Data for Name: django_migrations; Type: TABLE DATA; Schema: public; Owner: eventic_admin
--

COPY public.django_migrations (id, app, name, applied) FROM stdin;
1	contenttypes	0001_initial	2024-03-19 08:47:10.940634+00
2	contenttypes	0002_remove_content_type_name	2024-03-19 08:47:10.96231+00
3	auth	0001_initial	2024-03-19 08:47:11.079146+00
4	auth	0002_alter_permission_name_max_length	2024-03-19 08:47:11.094959+00
5	auth	0003_alter_user_email_max_length	2024-03-19 08:47:11.108655+00
6	auth	0004_alter_user_username_opts	2024-03-19 08:47:11.122573+00
7	auth	0005_alter_user_last_login_null	2024-03-19 08:47:11.138108+00
8	auth	0006_require_contenttypes_0002	2024-03-19 08:47:11.145578+00
9	auth	0007_alter_validators_add_error_messages	2024-03-19 08:47:11.159969+00
10	auth	0008_alter_user_username_max_length	2024-03-19 08:47:11.172825+00
11	auth	0009_alter_user_last_name_max_length	2024-03-19 08:47:11.187953+00
12	auth	0010_alter_group_name_max_length	2024-03-19 08:47:11.205076+00
13	auth	0011_update_proxy_permissions	2024-03-19 08:47:11.219702+00
14	auth	0012_alter_user_first_name_max_length	2024-03-19 08:47:11.232555+00
15	users	0001_initial	2024-03-19 08:47:11.331259+00
16	admin	0001_initial	2024-03-19 08:47:11.386053+00
17	admin	0002_logentry_remove_auto_add	2024-03-19 08:47:11.40668+00
18	admin	0003_logentry_add_action_flag_choices	2024-03-19 08:47:11.422481+00
19	django_celery_beat	0001_initial	2024-03-19 08:47:11.513182+00
20	django_celery_beat	0002_auto_20161118_0346	2024-03-19 08:47:11.554824+00
21	django_celery_beat	0003_auto_20161209_0049	2024-03-19 08:47:11.576584+00
22	django_celery_beat	0004_auto_20170221_0000	2024-03-19 08:47:11.590549+00
23	django_celery_beat	0005_add_solarschedule_events_choices	2024-03-19 08:47:11.601811+00
24	django_celery_beat	0006_auto_20180322_0932	2024-03-19 08:47:11.655202+00
25	django_celery_beat	0007_auto_20180521_0826	2024-03-19 08:47:11.68498+00
26	django_celery_beat	0008_auto_20180914_1922	2024-03-19 08:47:11.724718+00
27	django_celery_beat	0006_auto_20180210_1226	2024-03-19 08:47:11.751601+00
28	django_celery_beat	0006_periodictask_priority	2024-03-19 08:47:11.774048+00
29	django_celery_beat	0009_periodictask_headers	2024-03-19 08:47:11.794229+00
30	django_celery_beat	0010_auto_20190429_0326	2024-03-19 08:47:12.024182+00
31	django_celery_beat	0011_auto_20190508_0153	2024-03-19 08:47:12.080798+00
32	django_celery_beat	0012_periodictask_expire_seconds	2024-03-19 08:47:12.099197+00
33	django_celery_beat	0013_auto_20200609_0727	2024-03-19 08:47:12.11948+00
34	django_celery_beat	0014_remove_clockedschedule_enabled	2024-03-19 08:47:12.134962+00
35	django_celery_beat	0015_edit_solarschedule_events_choices	2024-03-19 08:47:12.146066+00
36	django_celery_beat	0016_alter_crontabschedule_timezone	2024-03-19 08:47:12.161096+00
37	django_celery_beat	0017_alter_crontabschedule_month_of_year	2024-03-19 08:47:12.178011+00
38	django_celery_beat	0018_improve_crontab_helptext	2024-03-19 08:47:12.190536+00
39	locations	0001_initial	2024-03-19 08:47:12.325794+00
40	events	0001_initial	2024-03-19 08:47:12.662169+00
41	profiles	0001_initial	2024-03-19 08:47:13.230367+00
42	events	0002_initial	2024-03-19 08:47:13.444133+00
43	invitations	0001_initial	2024-03-19 08:47:13.524333+00
44	invitations	0002_initial	2024-03-19 08:47:13.577089+00
45	notifications	0001_initial	2024-03-19 08:47:13.722818+00
46	notifications	0002_initial	2024-03-19 08:47:14.170892+00
47	sessions	0001_initial	2024-03-19 08:47:14.216694+00
48	questions	0001_initial	2024-03-19 08:51:39.245406+00
\.


--
-- Data for Name: django_session; Type: TABLE DATA; Schema: public; Owner: eventic_admin
--

COPY public.django_session (session_key, session_data, expire_date) FROM stdin;
6harpjflcf7m6dyrbpam9h95y0hdn5ye	.eJxVjMsOwiAUBf-FtSEFeil16d5vINwHUjU0Ke3K-O_apAvdnpk5LxXTtpa4NVnixOqsjDr9bpjoIXUHfE_1Nmua67pMqHdFH7Tp68zyvBzu30FJrXxrZHZgOmCE3kJ2foQg1pMFcakLKFl6Cd4h4CgwWBhcJh9IKKDLYtT7A-RbOEM:1rmVHg:b0nn5AUiBQFk-RwhvXXPu7EyRj1BRT-kaKRsgB7SzHk	2024-04-02 08:57:24.447193+00
elkbmwtj2jngv5p6bav4zrsw6e4zafpc	.eJxVjMsOwiAUBf-FtSEFeil16d5vINwHUjU0Ke3K-O_apAvdnpk5LxXTtpa4NVnixOqsjDr9bpjoIXUHfE_1Nmua67pMqHdFH7Tp68zyvBzu30FJrXxrZHZgOmCE3kJ2foQg1pMFcakLKFl6Cd4h4CgwWBhcJh9IKKDLYtT7A-RbOEM:1rmVOf:GEx6tW-ybkkCruOykLLIQLn_Al6MM0T0wmvcfCAQdTA	2024-04-02 09:04:37.348704+00
yr7f8y2hqhqyhd2hq1mecr69b7j0kizl	.eJxVjMsOwiAUBf-FtSEFeil16d5vINwHUjU0Ke3K-O_apAvdnpk5LxXTtpa4NVnixOqsjDr9bpjoIXUHfE_1Nmua67pMqHdFH7Tp68zyvBzu30FJrXxrZHZgOmCE3kJ2foQg1pMFcakLKFl6Cd4h4CgwWBhcJh9IKKDLYtT7A-RbOEM:1rncHs:CnQ-jMXf0nII2ZpVHtbgJq8slCc6PAN3zL6pxXgdQJQ	2024-04-05 10:38:12.881685+00
5m1tajpljc6om2vvcw1iydnoycvdampi	.eJxVjMsOwiAUBf-FtSEFeil16d5vINwHUjU0Ke3K-O_apAvdnpk5LxXTtpa4NVnixOqsjDr9bpjoIXUHfE_1Nmua67pMqHdFH7Tp68zyvBzu30FJrXxrZHZgOmCE3kJ2foQg1pMFcakLKFl6Cd4h4CgwWBhcJh9IKKDLYtT7A-RbOEM:1rnd1h:4DfgCISe2AJvQJMDoUFwTBKPwq_xo_QGM_fi4t2X7-E	2024-04-05 11:25:33.71204+00
ou9xby4nmc98ky04cpc90fdzguz4y8md	.eJxVjMsOwiAUBf-FtSEFeil16d5vINwHUjU0Ke3K-O_apAvdnpk5LxXTtpa4NVnixOqsjDr9bpjoIXUHfE_1Nmua67pMqHdFH7Tp68zyvBzu30FJrXxrZHZgOmCE3kJ2foQg1pMFcakLKFl6Cd4h4CgwWBhcJh9IKKDLYtT7A-RbOEM:1rscio:zmaBk4JbccrhIHIvCnK0hezejPedYZxnAT1scnyjGs8	2024-04-19 06:06:42.725255+00
4lh0s3yqg11pxl3h6y3n40mpgodz4uha	.eJxVjMsOwiAUBf-FtSEFeil16d5vINwHUjU0Ke3K-O_apAvdnpk5LxXTtpa4NVnixOqsjDr9bpjoIXUHfE_1Nmua67pMqHdFH7Tp68zyvBzu30FJrXxrZHZgOmCE3kJ2foQg1pMFcakLKFl6Cd4h4CgwWBhcJh9IKKDLYtT7A-RbOEM:1ruUMB:zjMr-NyHyepcP4K2DSuv7uMkBHdcauaF96GWn3MCG78	2024-04-24 09:35:03.737488+00
\.


--
-- Data for Name: events_baseevent; Type: TABLE DATA; Schema: public; Owner: eventic_admin
--

COPY public.events_baseevent (id, title, description, price, address, is_active, followers, category_id, city_id, organizer_id) FROM stdin;
9	Симфония аниме	Погрузитесь в мир знаменитых аниме-мелодий и песен, оживленных мастерством симфонического оркестра, под руководством маэстро Кеничи Симура.\r\n\r\nКеничи Симура, чье искусство признано во всем мире, создает уникальное сочетание звуков игр и аниме-фильмов с классической симфонией, приглашая нас насладиться музыкальным величием. «Симфония Аниме из Японии» — это не только концерт, но и музыкальный феномен, порожденный японской культурой, где аниме-музыка возведена в ранг высокого искусства.	1000.00	Кыргызская государственная филармония	t	0	3	1	6
6	Саундтрек концерт: Игра престолов	Погрузитесь в захватывающий мир "Игры Престолов" и "Дома Дракона" через живое исполнение камерного оркестра. Ощутите мощь каждой ноты, созданной мастерами Tynda Music, раскрывающими великолепие саундтреков на живом концерте. Великолепная музыка, которая погрузит вас в уникальную атмосферу Семи Королевств и мира драконов. Почувствуйте волнение каждой ноты в этом увлекательном путешествии музыкальных приключений.	1100.00	Кыргызская государственная филармония	t	0	3	1	6
4	JAZZ LIVE VINTAGE	На сцене в винного ресторана  VINTAGE выступят талантливые джазовые музыканты Бишкека:\r\nПианистка Ирина Артющенко\r\nВокалисты Виктория Юртаева и Ислам Сагынов\r\nБарабанщик Азат Жумашев\r\nБасист Эрик Саттаров\r\nСаксофонист Антон Ставничий\r\nВ программе стандарты из репертуара выдающихся музыкантов 20 века в оригинальной аранжировке исполнителей.	1200.00	Винный ресторан «Винтаж» ул. Ахунбаева,53	t	0	4	1	5
2	Музыка кочевников	Единственный концерт ансамбля «Кыргыз кайрык», посвященный  красивейшему сочетанию традиционных и симфонических инструментов в жанрах ethno, new folk, traditional, modern classics. \r\n\r\nНа концерте вы услышите произведения современных кыргызских композиторов, которые прозвучат в исполнении более чем 10 старинных народных инструментов в сочетании с симфоническим оркестром.	800.00	Кыргызский драм. театр им. Т. Абдумомунова	t	2	3	1	4
8	English Talking Club	FREE clubs to improve English	0.00	Республиканская Библиотека имени К. Баялинова	t	1	13	1	7
5	LUDOVICO EINAUDI	Tynda.music представит программу музыки великого кинокомпозитора в Людовико Эйнауди исполнении коллектива Tynda.music. \r\n\r\nЛюдовико Эйнауди - один из наиболее востребованных композиторов современности, знаковая фигура неоклассического направления в музыке, автор музыки к лучшему французском фильму «1+1».\r\n\r\nМузыка Эйнауди объединяет огромное количество людей по всей планете. Произведения композитора успели войти в историю мировой классики.	1300.00	Кыргызская государственная филармония	t	1	3	1	6
3	Performance: Кармен-Сюита	Кармен-Сюита — одноактный балет хореографа Альберто Алонсо, поставленный на основе оперы Жоржа Бизе «Кармен» (1875), оркестрованной специально для этой постановки композитором Родионом Щедриным. Либретто балета по мотивам новеллы Проспера Мериме написал его постановщик, Альберто Алонсо. Основа сюжетной линии — свободная, безудержная и жертвенная любовь со стороны молодого солдата Хозе, ставшего дезертиром и контрабандистом ради красавицы-цыганки Кармен, ценящей превыше всего свою собственную сво	300.00	Кыргызский драм. театр им. Т. Абдумомунова	t	1	\N	1	4
7	Пиковая Дама	Молодой, амбициозный и достаточно беспринципный немец по фамилии Герман хочет разбогатеть. Игра в карты кажется ему подходящим, но слишком рискованным средством. Герман готов играть, но только зная беспроигрышный вариант. В обществе ходят слухи о том, что некая старая графиня знает особый секрет…\r\nЖелая обогатиться, он вступает в поединок с самой Судьбой, который закончится очень неожиданно...	300.00	Русский театр драмы им. Ч. Айтматова	t	1	2	1	3
1	Мастер и Маргарита	Фантастическое сочетание мистики и фельетона, любовного сюжета и авантюрной фабулы в сочетании с библейскими мотивами завораживает и читателя, и театрального зрителя. Сам Сатана – Воланд прибыл со свитой в довоенную Москву, чтобы проверить, насколько изменились люди за две тысячи лет. На сцене происходят невероятные вещи. Искушения дьявола не знают преград. Но любовь и верность спасает души людей. Тьма отступает. Рукописи не горят.	300.00	Русский театр драмы им. Ч. Айтматова	t	0	2	1	3
11	Квиз Хаб: Сверхъестественное	Ты являешься фанатом сериала "Сверхъестественное?" Тогда мы тебя зовём на наш тематический квиз для проверки своего знания. Уже совсем скоро состоится битва за звание лучшего знатока. Так что бери своих друзей, коллег и приходи на нашу игру. Вечер обещает быть как минимум весёлой и незабываемой.\r\n\r\n🏆Конечно же будет много призов от наших партнёров\r\n\r\n❗️ В команде должно быть от 2 до 12 человек. Нет команды? Не беда! Мы поможем вам создать её!	400.00	Chester Pub	t	0	12	1	12
13	Устные встречи с психологом	Часто нас беспокоят разные ситуации. А обсудить их иногда бывает не с кем ✔️ Чтобы никто не остался один на один с трудностями, возобновляем уютные встречи с психологом.\r\n\r\nЗа чашечкой чая будем встречаться и обсуждать важные темы в кругу близких по духу людей ✨\r\n\r\nЕвгения Задруцкая, психолог ololo, поможет нам в этом деле. У нее более 15 лет опыта работы кризисным психологом. Специализация – работа с созависимостью, утратой, проживание жизненных кризисов, сопровождение в переходные периоды.	1000.00	ololoOrmonKhan (Асанбай, 27/1)	t	0	13	1	11
14	Клуб ораторов	В марте уделим больше внимания значимости ораторского искусства в карьере и бизнесе.\r\n\r\nРасписание встреч клуба ораторов: 🔻\r\n🔸 7 марта: Харизма. Быть притягательным.\r\n🔸 14 марта: Чего не хватает в Бишкеке? Заполнить пробелы новыми бизнес-идеями.\r\n🔸 28 марта: Начать и развить свое дело. Создать уникальный продукт.\r\n\r\nМодератор: Ирина Гертц, основательница и тренерка школы по ораторскому мастерству «Большая перемена».	300.00	ololoErkindik (Эркиндик, 64Б),	t	0	13	1	11
15	Семейный Шоу-спектакль "Зайцы"	“Зайцы” - это яркая интерактивное шоу в формате 4D. Здесь каждый ребенок станет участником вдохновляющего приключения и научится правильно фантазировать. Максимум интерактива, и разнообразный реквизит, с которым можно играть не вставая с места. Вас ждут сразу 9 интерактивов - вьюга из холодильника, охота за снежинками, лазерное шоу, морковная дискотека - все это тренируют творческое мышление юных зрителей , а живые декорации и плюшевый реквизит обеспечат полное погружение в сказочную атмосферу,	800.00	Кыргызский драматический театр	t	0	2	1	4
12	Вечера настольных игр	Приглашаем всех желающих сыграть в: 🔻\r\nTicket to Ride (Europe, Nordic Countries),\r\nКолонизатор,\r\nЦитадели,\r\nБлиц,\r\n7 чудес: Дуэль,\r\nРоскошь: Дуэль\r\nТако коты\r\nРуммикуб,\r\nКодовые имена 18+,\r\nМаскарад и другие.\r\n\r\nЕсли вы фанат мафиозного геймплея, то вас будет ждать «Кровь на часовой башне» – долгое приключение, полное неожиданностей и интересных игровых механик.\r\n\r\nДля любителей классики будет проводиться спортивная/классическая мафия. Это нестареющее противостояние красных и чёрных.	300.00	ololoPlanet	t	4	13	1	11
16	BN Team: Мир Болливуда	Индия подарила миру Болливуд, который ежегодно выпускает масштабные кинокартины, а также знаменитые саундтреки, которые покорили миллион зрителей по всему миру. \r\n\r\nБолливудская музыка обладает невероятным терапевтическим эффектом: она заставляет вас прочувствовать всю палитру эмоций и забыть обо всех проблемах. \r\n\r\nВ этот вечер, вы услышите лучшие саундтреки из таких фильмов, как «Наступит завтра или нет», «Вир и Зара», «И в радости, и в печали», «Меня зовут Кхан» и другие.	1100.00	Кыргызская государственная филармония	t	0	3	1	6
17	Эр Төштүк	Түрк тилдүү элдердин баары аздектеген “Эр Төштүк” кенже эпосунун негизинде коюлган жомок көрүүчүлөрдү сыйкыр дүйнөгө жетелеп, каармандар алардын жан дүйнөсүн аруулантып адабиятка болгон сүйүүсүн арттырат.\r\n\r\nЖомоктун башкы каарманы Эр Төштүктүн эрдиктери кайратмандуулукка, баатырдыкка үндөсө, Маамыттар чыныгы дос болууну үйрөтүп Жез кемпирдин образы адам адам болгону аны коштоп жүргөн көп жүздүүлүктү баяндап берет. Мындан сырткары жомокто көптөгөн образдар театр сүйүүчүлөрүн кайдыгер калтырбайт	300.00	Кыргызский драматический театр	t	0	2	1	4
21	ololo Book Club	Расписание на март: \r\n🔸 7 марта: совместный ивент с Go club и обсуждение книги «Искусство войны» с Давроном Юлдашевым,\r\n🔸 14 марта: «Астровитянка» Николай Горькавый, спикер Игорь Чемеркин, \r\n🔸 28 марта: «Начни с «Почему?»» Саймон Синек, спикер Диана Даниярова.	0.00	ololoPlanet (Юнусалиева, 80)	t	0	13	1	11
20	ololo English club	• Каждую пятницу встречаемся в 19:30 в ololoPlanet для практики разговорного английского. В течение недели участники будут выполнять самостоятельные задания. \r\n🔥 Ждем всех, кто настроен смотреть любимые фильмы, изучать новые слова, преодолевать разговорные барьеры и улучшать свои навыки. К тому же это отличная возможность завести новых друзей.	3500.00	ololoPlanet	t	0	13	1	11
10	Money Talks: Неудобные вопросы о финансах	Присоединяйтесь к ежемесячной открытой встрече на тему «Неудобные вопросы о финансах» в рамках клуба по личным финансам Money Talks 💸\r\nМодератор встречи: Юрий Рузавин, российский экономист, финансовый консультант, трейдер.	0.00	ololoPlanet, 3 этаж	t	1	7	1	11
18	Комедия "Номер 13"	«Номер 13» Рея Куни   — самая-самая оглушительно популярная английская комедия — возвращается на бишкекскую сцену Роскошный отель и парочка страстных любовников. Он – помощник премьер-министра, она – молодая секретарша. Тайное свидание неожиданно омрачает страшная находка – бездыханное тело на подоконнике. Что же делать? Вызвать полицию? Ни за что! Ведь это значит разоблачить себя! Труп надо спрятать. А дальше… умопомрачительные ситуации, граничащие с кошмаром! Водоворот комедийных событий.	300.00	Государственный национальный русский театр драмы	t	1	2	1	3
35	Мастер-класс "Акварелью"	🌿 и помните, любая картина, созданная своими руками — это та изюминка, которая должна быть в доме каждого человека!\r\n\r\n🤍 Пишем картины акварельными красками!\r\nСтоимость формата\r\nА4-1000 сом\r\nА3-1200 сом\r\nВозраст 12+	1000.00	АртЛаб Школа	t	0	8	1	25
37	Субботник совместно с «Тазалык»	Присоединяйтесь к нам в эту субботу для благоустройства нашего района! Мы будем убирать мусор и делать нашу окружающую среду чище и красивее. Приходите с семьей, друзьями или одни – вместе мы сделаем больше!\r\n\r\n😌 Не забудьте надеть удобную одежду и обувь, а также взять с собой перчатки и воду.	0.00	ТЦ «Ала-Арча»	t	0	7	1	25
38	Пишем картины в тематике "Пробуждение"	«Первые цветы весны всегда заставляют мое сердце петь», - писал американский поэт Стерлинг Аллен Браун. Представляем вашему вниманию весеннюю подборку прекрасных живописных картин в тематике «Пробуждение»😻 Нежнятина! Выбирай то, что откликается больше. Поделись анонсом со своими друзьями! Ждем вас на наших ярких арт-вечеринках!	1200.00	кофейня «Сenter coffee», Чуй, 158	t	0	8	1	25
39	Мастер-Класс "Пастелью"	✔️30 марта в 13:30\r\nНабор открыт! Ждем тебя и твоих друзей насладиться творческой атмосферой Артлаб школы!\r\n⠀\r\n👩🏻‍🎨Будем создавать шедевр вместе с нашим арт-преподавателем! ⠀ ⠀\r\nПолучится у всех, мы докажем, что вы можете😎✨ ⠀\r\n⠀\r\n✔️Материалы предоставляем МЫ!🤩⠀	1000.00	АртЛаб Школа	t	0	8	1	25
19	Шоколадная фабрика Вилли Вонки	Сказка рассказывает о мальчике Чарли из бедной семьи, который очень любил шоколад, но мог получать его лишь раз в году на свой день рождения. В любимом городе Чарли был шоколадный магнат Вилли Вонка, который более 10 лет жил в затворничестве на своей фабрике. \r\nЭксцентричный кондитер и владелец фабрики сладостей решил устроить конкурс, победители которого получат пожизненный запас шоколада. Чтобы выиграть, участники должны пройти тур по фабрике и не нарушить ни одного правила.	100.00	Государственный национальный русский театр драмы	t	0	2	1	3
32	Квиз Хаб: Хоббит	Соберите свое братство и отправляйтесь на путешествие по кинотрилогии "Хоббит"\r\nДавайте устроим интеллектуальную битву за звание чемпиона.\r\n\r\nВас ждет отличный вечер. Интересные вопросы и яркие эмоции мы обещаем !!!	400.00	chesterpub.bishkek	t	0	12	1	12
25	Geeks party	geeks	0.00	Кыргызский драматический театр	t	0	2	1	25
33	Пробный урок по Digital Art	Уже 28 марта в 18:30 бесплатный пробный урок с Даной Руслановой по курсу Digital Art 🎨	0.00	MozgamiSchool	t	0	8	1	25
34	Jazz Jam: Umbrella Band	В четверг Umbrella Band будут импровизировать под джазовые биты разных направлений - от традиционного до современного; мейнстрим, мануш, диксиленд и другие!🥹\r\n\r\nНе упусти возможность провести культурно время наслаждаясь настоящим Джазом и самым вкусным ПИВОМ🍻,настойками и нашими эксклюзивными коктейлями 🍸	0.00	Baitik baatira 35a	t	0	4	1	5
36	Арт-вечер Kholant art: природа и картинки-аффирмации	Расписание арт-вечеров на апрель ❣️	0.00	OloloOrmonKhan	t	0	8	1	11
24	new_geeks_it	geeks	99.00	ololoPlanet	t	0	7	1	5
26	Мир турецких сериалов	По многочисленным просьбам наших слушателей мы обновили и собрали главные саундтреки из  турецких сериалов: «Зимородок», «Великолепный век», «Кара севда», «Июньская ночь», «Листопад», «Королёк птичка певчая», «Основание Осман», «Запах клубники», «Постучись в мою дверь», «Чукур», «Ветреный» и другие.\r\nЭта музыка — не просто сопровождение сериалов, а целый симфонический мир, который завораживает, погружает в атмосферу кино, передаёт все переживания героев экрана и запоминается навсегда.	1100.00	Кыргызская государственная филармония	t	0	3	1	6
27	Мамуля	«Мамуля» — пьеса московского драматурга Сергея Белова. В России автора называют «Господин Аншлаг», так как все спектакли, поставленные по его пьесам, идут с неизменным аншлагом. \r\n     Прожив некоторое время в гражданском браке, Женя соглашается жениться на Нине, ведь она давно мечтает стать его законной женой. Но жених ставит условие: сначала он должен познакомиться с тещей. Просьба жениха приводит Нину в замешательство, потому что её мать находится в местах не столь отдалённых.	300.00	Государственный национальный русский театр драмы	t	0	2	1	3
28	TCHAIKOVSKY	Мы хотим подарить праздник музыки П.И. Чайковского поэтому в программу включили «Концерт для скрипки с оркестром, d-dur», созданный композитором в пору высокого творческого подъема. Хотя над этим произведением он работал зимой, когда дождь в Кларане чередовался со снегом, в нем явственно чувствуется «весеннее» настроение. \r\nВ.А. Фрумкин назвал его произведением счастливым и мудрым, исполненным в высшей душевной гармонии.	0.00	Кыргызская государственная филармония	t	0	3	1	6
29	Джаз Бишкек весна 2024	Бишкекский международный джаз фестиваль «ДжазБишкекВесна» – ожидаемое календарное событие весны. Девиз фестиваля – «Музыка без границ». Наша миссия с помощью культурного сотрудничества возводить мосты во имя дружбы и понимания между народами. Джаз – это музыка свободных и творческих людей.	1200.00	Кыргызская государственная филармония	t	0	3	1	6
30	Вселенная фэнтези	В программе концерта музыка из фильмов:\r\n"ГАРРИ ПОТТЕР" "ВЛАСТЕЛИН КОЛЕЦ"\r\n"ИГРА ПРЕСТОЛОВ"\r\n"ВЕДЬМАК"\r\n"ХРОНИКИ НАРНИИ"\r\n"WEDNESDAY"	500.00	Кыргызская государственная филармония	t	0	3	1	6
31	Мастер-класс «Как подготовиться к первому интервью»	Приглашаем вас на БЕСПЛАТНЫЙ мастер-класс, где вы узнаете👇🏻\r\n✅ Какие вопросы могут задать на интервью и как на них ответить\r\n✅ Как презентовать свои навыки и опыт\r\n✅ Как справиться с волнением\r\n\r\nМастер-класс проведет:\r\nТурсунай Качиева, ведущий специалист отдела разработок и тестирования в Mega	0.00	ул. Суюмбаева 123 (головной офис Меga)	t	0	8	1	25
\.


--
-- Data for Name: events_baseevent_interests; Type: TABLE DATA; Schema: public; Owner: eventic_admin
--

COPY public.events_baseevent_interests (id, baseevent_id, interests_id) FROM stdin;
1	1	1
2	1	2
3	2	3
4	3	4
5	4	3
6	5	1
7	5	3
8	6	3
9	7	1
10	7	2
11	8	5
12	9	3
13	10	9
14	11	12
15	12	12
16	13	5
17	14	5
18	15	12
19	15	7
20	16	3
21	17	1
22	18	1
23	19	7
24	20	5
25	21	5
26	8	13
27	20	13
30	24	4
31	25	1
32	26	3
33	27	2
34	28	3
35	29	3
36	30	3
37	31	9
38	31	5
39	32	12
40	33	11
41	33	5
42	34	3
43	35	6
44	36	6
45	37	12
46	38	6
47	39	6
\.


--
-- Data for Name: events_baseevent_language; Type: TABLE DATA; Schema: public; Owner: eventic_admin
--

COPY public.events_baseevent_language (id, baseevent_id, language_id) FROM stdin;
1	1	1
2	2	2
3	3	1
4	3	2
5	4	1
6	4	2
7	5	1
8	6	1
9	6	2
10	7	1
11	8	3
12	9	1
13	9	2
14	10	1
15	11	1
16	12	1
17	12	2
18	13	1
19	14	1
20	15	1
21	16	1
22	16	2
23	17	2
24	18	1
25	19	1
26	20	3
27	21	1
31	25	1
32	24	1
33	26	1
34	26	2
35	27	1
36	28	1
37	29	1
38	29	2
39	30	1
40	31	1
41	32	1
42	33	1
43	34	1
44	35	1
45	36	1
46	37	1
47	37	2
48	38	1
49	38	2
50	39	1
51	39	2
\.


--
-- Data for Name: events_category; Type: TABLE DATA; Schema: public; Owner: eventic_admin
--

COPY public.events_category (id, name, slug) FROM stdin;
2	театр	teatr
3	концерты	koncerty
6	выставки	vystavki
7	семинары	seminary
8	мастер-классы	master-klassy
9	фестивали	festivali
11	ярмарки	yarmarki
12	квизы	kvizy
13	клубы по интересам	kluby-po-interesam
4	вечера	vecher-muzyki
\.


--
-- Data for Name: events_eventbanner; Type: TABLE DATA; Schema: public; Owner: eventic_admin
--

COPY public.events_eventbanner (id, image, is_img_main, event_id) FROM stdin;
1	banner/img_master_i_margarita1702200483.jpg	t	1
2	banner/img_muzyka-kocevnikov1708229835.jpeg	f	2
3	banner/img_performance-karmensu1709185002.jpg	f	3
4	banner/img_jazz-live-vintage1710329122.jpeg	f	4
5	banner/img_ludovico_einaudi1705146478.jpeg	f	5
6	banner/img_saundtrek-koncert-ig1708601320.jpeg	f	6
7	banner/img_pikovaya_dama1698906658.jpg	f	7
8	banner/English-акции.jpg	f	8
9	banner/2018-11-12.jpg	f	8
10	banner/img_simfonia-anime1710514028.png	f	9
11	banner/432757875_3234005416893493_5073522070994934326_n.jpg.jpg	f	10
12	banner/432758055_382762974527406_8777763256178119012_n.webp.jpg	f	11
13	banner/428485815_18336487645106393_8009946709813977920_n.jpg.jpg	f	12
14	banner/424977406_18334716613106393_3071610947733312395_n.jpg.jpg	f	13
15	banner/431117247_18339764434106393_2402635626438499759_n.jpg.jpg	f	14
16	banner/17059204918064.jpg	f	15
17	banner/img_bn-team-mir-bollivud1710327061.jpg	f	16
18	banner/17085897181.png	f	17
19	banner/img_nomer-131707563116.jpeg	f	18
20	banner/img_shokoladnaya_fabrika1702200364.jpg	f	19
21	banner/425386405_18335356660106393_2542099893823712933_n.jpg	f	20
22	banner/425000045_18335103259106393_6690310585599557776_n.jpg	f	21
26	banner/425386405_18335356660106393_2542099893823712933_n_hd1NwwY.jpg	f	24
27	banner/_geeks.png	t	25
25	banner/20220617-5299-SVET.jpg	t	24
28	banner/img_mir-tureckih-serialo1710243953.jpg	f	26
29	banner/img_mamula1707449612.jpg	f	27
30	banner/img_tchaikovsky1710747098.png	f	28
31	banner/img_dzaz-biskek-vesna-201711477408.png	f	29
32	banner/img_vselennaa-fentezi1710679803.jpg	f	30
33	banner/431525665_18298166161156030_8560279315969784775_n.jpg.jpg	f	31
34	banner/432744641_230673276738407_2151306405633514261_n.webp.jpg	f	32
35	banner/433678957_411484878288400_177315997787517296_n.jpg.jpg	f	33
36	banner/434405671_948476500344073_2177667818349291184_n.jpg.jpg	f	34
37	banner/431579423_18097706587397204_4177666012224266247_n.jpg.jpg	f	35
38	banner/433536939_2153825171620031_5553063376232099108_n.jpg.jpg	f	36
39	banner/434560668_6842910465813419_944514747783166295_n.jpg.jpg	f	37
40	banner/431537868_18421262164035576_1565304688732116147_n.jpg_0PbFfr7.jpg	f	38
41	banner/434461170_18097704799397204_2697367315073503238_n.jpg.jpg	f	39
\.


--
-- Data for Name: events_eventdate; Type: TABLE DATA; Schema: public; Owner: eventic_admin
--

COPY public.events_eventdate (eventtime_ptr_id, date, temp_id) FROM stdin;
1	2024-03-22	1
2	2024-04-13	1
4	2024-03-29	3
6	2024-03-31	5
7	2024-03-31	6
8	2024-06-02	6
9	2024-04-12	7
12	2024-05-02	9
5	2024-03-29	4
13	2024-03-26	10
14	2024-03-24	11
18	2024-03-23	15
19	2024-03-30	15
20	2024-03-31	15
21	2024-03-31	15
22	2024-04-01	16
23	2024-03-22	17
24	2024-03-31	17
25	2024-03-30	18
26	2024-03-31	18
27	2024-04-07	18
3	2024-03-22	2
28	2024-03-24	19
29	2024-04-14	19
35	2024-03-25	24
34	2024-03-23	24
37	2024-04-01	26
38	2024-04-05	27
39	2024-04-03	28
40	2024-04-26	29
41	2024-04-27	29
42	2024-04-25	30
43	2024-04-11	31
44	2024-04-19	32
45	2024-04-28	33
46	2024-04-30	34
47	2024-04-22	35
50	2024-04-20	38
51	2024-04-16	39
\.


--
-- Data for Name: events_eventtime; Type: TABLE DATA; Schema: public; Owner: eventic_admin
--

COPY public.events_eventtime (id, start_time, end_time) FROM stdin;
1	18:00:00	21:00:00
2	18:00:00	21:00:00
4	19:00:00	20:00:00
6	18:00:00	19:30:00
7	20:30:00	22:00:00
8	18:00:00	19:30:00
9	18:00:00	20:00:00
10	16:30:00	17:30:00
11	16:30:00	17:30:00
12	19:00:00	20:30:00
5	20:00:00	23:59:00
13	19:00:00	21:00:00
14	19:00:00	22:00:00
15	18:00:00	21:00:00
16	10:00:00	12:00:00
17	19:00:00	20:30:00
18	14:00:00	15:30:00
19	14:00:00	15:30:00
20	11:00:00	12:30:00
21	14:00:00	15:30:00
22	19:00:00	20:30:00
23	18:30:00	20:00:00
24	18:30:00	20:00:00
25	18:00:00	20:00:00
26	18:00:00	20:00:00
27	18:00:00	20:00:00
30	19:30:00	20:30:00
31	18:30:00	20:00:00
3	23:00:00	23:50:00
28	11:00:00	17:15:00
29	11:00:00	18:15:00
35	12:00:00	15:00:00
36	18:42:41	18:42:43
34	21:00:00	22:00:00
37	21:30:00	22:30:00
38	18:00:00	20:00:00
39	18:30:00	19:30:00
40	18:30:00	20:00:00
41	18:30:00	20:00:00
42	19:00:00	21:00:00
43	18:30:00	20:00:00
44	19:00:00	22:00:00
45	18:00:00	20:00:00
46	22:00:00	23:59:00
47	15:00:00	17:00:00
48	18:00:00	20:00:00
49	12:00:00	15:00:00
50	15:00:00	19:00:00
51	13:00:00	15:00:00
\.


--
-- Data for Name: events_interests; Type: TABLE DATA; Schema: public; Owner: eventic_admin
--

COPY public.events_interests (id, name, slug) FROM stdin;
1	классика	klassika
2	спектакли	spektakli
3	музыка	muzyka
4	балет	balet
5	образование	obrazovanie
6	искусство	iskusstvo
7	дети	deti
9	бизнес	biznes
11	наука и IT	nauka-i-it
12	развлечения	razvlecheniya
13	языки	yazyki
\.


--
-- Data for Name: events_language; Type: TABLE DATA; Schema: public; Owner: eventic_admin
--

COPY public.events_language (id, name, name_two, short_name, slug) FROM stdin;
1	русский	русский	РУС	russkij
2	кыргызский	кыргызча	КЫР	kyrgyzskij
3	английский	english	ENG	anglijskij
\.


--
-- Data for Name: events_permanentevent; Type: TABLE DATA; Schema: public; Owner: eventic_admin
--

COPY public.events_permanentevent (baseevent_ptr_id) FROM stdin;
8
12
13
14
20
21
25
36
37
\.


--
-- Data for Name: events_permanenteventdays; Type: TABLE DATA; Schema: public; Owner: eventic_admin
--

COPY public.events_permanenteventdays (eventtime_ptr_id, event_week, permanent_event_id) FROM stdin;
10	mo	8
11	fr	8
15	sa	12
16	sa	13
17	th	14
30	fr	20
31	th	21
36	mo	25
48	fr	36
49	sa	37
\.


--
-- Data for Name: events_temporaryevent; Type: TABLE DATA; Schema: public; Owner: eventic_admin
--

COPY public.events_temporaryevent (baseevent_ptr_id) FROM stdin;
1
2
3
4
5
6
7
9
10
11
15
16
17
18
19
24
26
27
28
29
30
31
32
33
34
35
38
39
\.


--
-- Data for Name: invitations_category; Type: TABLE DATA; Schema: public; Owner: eventic_admin
--

COPY public.invitations_category (id, title, slug) FROM stdin;
1	День рождения	den-rozhdeniiya
2	Встреча	vstrecha
3	Вечеринка	vecherinka
4	Свадьба	svadba
5	Помолвка	pomolvka
6	Приём	priyom
7	Корпоратив	korporativ
8	Тим билдинг	tim-bilding
\.


--
-- Data for Name: invitations_contact; Type: TABLE DATA; Schema: public; Owner: eventic_admin
--

COPY public.invitations_contact (id, name, slug, user_id) FROM stdin;
2	Эрназар		2
9	Зарина		19
13	Эрназар		19
17	Амйвйв		28
18	Любека		28
19	Акбар		2
20	Бекболсун		2
21	Ислам		27
22	Ваня		27
25	Данил		10
26	Зарина		10
\.


--
-- Data for Name: invitations_image; Type: TABLE DATA; Schema: public; Owner: eventic_admin
--

COPY public.invitations_image (id, image, text_color) FROM stdin;
1	invitaions/Black_Star_sky_post_wall_960x1280.png	WHITE
2	invitaions/Blue_960x1280.png	WHITE
3	invitaions/Flowers_960x1280.png	BLACK
4	invitaions/Furry_960x1280.png	BLACK
5	invitaions/Japan_wave_960x1280.png	BLACK
6	invitaions/Olive_green_960x1280.png	BLACK
7	invitaions/Sakura_960x1280.png	BLACK
8	invitaions/Weels_960x1280.png	BLACK
9	invitaions/Brown_960x1280.png	BLACK
10	invitaions/Light_blue_960x1280.png	BLACK
11	invitaions/Stars_post_wall_960x1280.png	BLACK
12	invitaions/Pink_wood_960x1280.png	BLACK
13	invitaions/Pink_960x1280.png	BLACK
\.


--
-- Data for Name: locations_address; Type: TABLE DATA; Schema: public; Owner: eventic_admin
--

COPY public.locations_address (id, address_name, slug, city_id) FROM stdin;
\.


--
-- Data for Name: locations_city; Type: TABLE DATA; Schema: public; Owner: eventic_admin
--

COPY public.locations_city (id, city_name, slug, region_id) FROM stdin;
1	Бишкек		1
2	Ош		2
\.


--
-- Data for Name: locations_country; Type: TABLE DATA; Schema: public; Owner: eventic_admin
--

COPY public.locations_country (id, country_name, slug) FROM stdin;
1	Кыргызстан	
\.


--
-- Data for Name: locations_region; Type: TABLE DATA; Schema: public; Owner: eventic_admin
--

COPY public.locations_region (id, region_name, slug, country_id) FROM stdin;
1	Чуйская область		1
2	Ошская область		1
\.


--
-- Data for Name: notifications_basenotification; Type: TABLE DATA; Schema: public; Owner: eventic_admin
--

COPY public.notifications_basenotification (id, updated_at, created_at, is_seen, send_date, is_sent) FROM stdin;
23	2024-03-28 14:17:26.287374+00	2024-03-28 14:17:26.287398+00	f	2024-03-29 05:00:00+00	f
25	2024-03-28 14:18:47.102564+00	2024-03-28 14:18:47.102586+00	f	2024-03-29 23:00:00+00	f
4	2024-04-10 10:10:00.063238+00	2024-03-21 15:52:53.980835+00	f	2024-03-25 03:30:00+00	f
20	2024-04-10 10:10:00.07014+00	2024-03-22 12:49:57.784138+00	f	2024-03-25 05:00:00+00	f
27	2024-04-10 10:10:00.085668+00	2024-04-04 15:04:31.115002+00	f	2024-04-08 05:00:00+00	f
26	2024-03-28 16:19:51.300579+00	2024-03-28 16:19:51.300603+00	f	2024-04-12 05:00:00+00	f
\.


--
-- Data for Name: notifications_followbase; Type: TABLE DATA; Schema: public; Owner: eventic_admin
--

COPY public.notifications_followbase (id, updated_at, created_at, user_id) FROM stdin;
6	2024-03-20 13:02:40.635663+00	2024-03-20 13:02:40.635685+00	10
7	2024-03-20 13:02:44.635599+00	2024-03-20 13:02:44.63562+00	10
10	2024-03-21 15:52:53.974942+00	2024-03-21 15:52:53.974962+00	2
75	2024-03-23 06:31:12.138674+00	2024-03-23 06:31:12.138697+00	2
78	2024-03-24 16:35:05.337342+00	2024-03-24 16:35:05.33737+00	27
81	2024-03-28 16:19:51.294977+00	2024-03-28 16:19:51.295002+00	27
83	2024-04-04 15:04:31.110543+00	2024-04-04 15:04:31.110566+00	10
85	2024-04-09 07:14:58.161798+00	2024-04-09 07:14:58.161821+00	2
50	2024-03-22 12:47:28.740638+00	2024-03-22 12:47:28.74066+00	26
51	2024-03-22 12:47:31.386535+00	2024-03-22 12:47:31.386562+00	26
52	2024-03-22 12:49:57.779028+00	2024-03-22 12:49:57.779049+00	19
53	2024-03-22 12:53:02.269128+00	2024-03-22 12:53:02.269152+00	19
60	2024-03-23 06:17:34.367376+00	2024-03-23 06:17:34.367401+00	2
65	2024-03-23 06:22:22.210268+00	2024-03-23 06:22:22.210295+00	2
\.


--
-- Data for Name: notifications_followorg; Type: TABLE DATA; Schema: public; Owner: eventic_admin
--

COPY public.notifications_followorg (followbase_ptr_id, organizer_id) FROM stdin;
6	5
7	4
50	4
51	11
53	5
60	25
65	12
75	4
78	5
85	6
\.


--
-- Data for Name: notifications_followperm; Type: TABLE DATA; Schema: public; Owner: eventic_admin
--

COPY public.notifications_followperm (followbase_ptr_id, event_id) FROM stdin;
10	10
52	15
83	15
\.


--
-- Data for Name: notifications_followtemp; Type: TABLE DATA; Schema: public; Owner: eventic_admin
--

COPY public.notifications_followtemp (followbase_ptr_id, event_id) FROM stdin;
81	9
\.


--
-- Data for Name: notifications_organizationnotification; Type: TABLE DATA; Schema: public; Owner: eventic_admin
--

COPY public.notifications_organizationnotification (basenotification_ptr_id, event_id, follow_id) FROM stdin;
23	36	51
25	37	60
\.


--
-- Data for Name: notifications_permanentnotification; Type: TABLE DATA; Schema: public; Owner: eventic_admin
--

COPY public.notifications_permanentnotification (basenotification_ptr_id, follow_id) FROM stdin;
4	10
20	52
27	83
\.


--
-- Data for Name: notifications_temporarynotification; Type: TABLE DATA; Schema: public; Owner: eventic_admin
--

COPY public.notifications_temporarynotification (basenotification_ptr_id, follow_id) FROM stdin;
26	81
\.


--
-- Data for Name: profiles_baseprofile; Type: TABLE DATA; Schema: public; Owner: eventic_admin
--

COPY public.profiles_baseprofile (customuser_ptr_id, profile_picture, city_id) FROM stdin;
9	default/default_ava.png	1
18	default/default_ava.png	1
4	avatars/Screenshotв.png	1
22	default/default_ava.png	1
25	avatars/_geeks_ava.png	1
19	avatars/image_vT9lt3D.jpg	1
28	default/default_ava.png	1
12	avatars/квиз.png	1
27	default/default_ava.png	1
7	avatars/665c2a_1.jpg	1
16	default/default_ava.png	1
5	avatars/винтаж.png	1
6	avatars/филар.png	1
14	avatars/image.jpg	1
26	default/default_ava.png	1
3	avatars/329520950_1371259810286517_1602704030507240399_n.jpg	1
11	avatars/271786316_1581083952255553_7118882427128328462_n.jpg	1
2	default/default_ava.png	1
10	default/default_ava.png	1
\.


--
-- Data for Name: profiles_organizer; Type: TABLE DATA; Schema: public; Owner: eventic_admin
--

COPY public.profiles_organizer (baseprofile_ptr_id, title, back_img, description, followers) FROM stdin;
4	Кыргыз драма театры	organizers_banners/15762598715458138_acd2.jpg	Т.Абдуʍᴏʍунᴏʙ ᴀᴛындᴀᴦы Кыᴩᴦыɜ улуттук академиялык драма театрынын расмий баракчасы	5
12	Квиз Хаб	default/background.png	🚩Первый отечественный\r\n🚩Квизы на кыргыском и русском языка\r\n🚩Эксклюзивные вопросы\r\n🚩Весёлые конкурсы\r\n🚩Играем в клубах/барах 💃 🎲	1
7	American Center	organizers_banners/2018-11-12.jpg	American Center & Maker Space Bishkek & Kamkor\r\nUS DipMission Project\r\nFREE clubs to improve English	1
6	Кыргызская государственная филармония	organizers_banners/54577475-2892-4680-ae89-b3e0c6ba86f6.jpeg	Токтогул Сатылганов ат. Кыргыз Улуттук Филармония\r\n\r\nКыргызская Национальная Филармония им.Токтогула Сатылганова.\r\n\r\nНациональный Культурный Центр.	1
3	Русский театр драмы	organizers_banners/1032579340_164_0_2835_2003_1920x0_80_0_0_44a25db64e8540e7604f093a07737f6a.jpg	Государственный национальный русский театр драмы имени Ч. Айтматова	0
11	ololo	organizers_banners/20220617-5299-SVET.jpg	ololo – креативный хаб и будущий город для цифровых кочевников	3
25	geeks	organizers_banners/_geeks.png	it is geeks	1
5	Винтаж - винный ресторан	organizers_banners/30258560165546313_7ad8.jpg	Винное место Винтаж — это сеть винных баров-магазинов в Бишкеке.\r\nМы продаем более 300 видов вина со всех уголков света, но преимущественно из Италии. Каждое вино мы пробуем и  тщательно отбираем, чтобы привозить в Кыргызстан только самое лучшее и интересное. \r\n\r\nМы видим своей задачей развитие культуры общества, в том числе и винной культуры. Поэтому мы регулярно проводим музыкальные, театральные и художественные мероприятия, предоставляем Винтаж, как площадку для творческого самовыражения.	5
\.


--
-- Data for Name: profiles_organizeraddress; Type: TABLE DATA; Schema: public; Owner: eventic_admin
--

COPY public.profiles_organizeraddress (id, address, organizer_id) FROM stdin;
1	122 ул. Тынстанова, Бишкек	3
2	Абдумомунова, 230 Первомайский район, Бишкек	4
3	ул. Аалы Токомбаева, 9г	5
4	ул. Исанова, 102	5
7	253 просп. Чуй, Бишкек	6
8	242 ул. Атая Огонбаева, Бишкек	7
9	ул. Юнусалиева, 80	11
11	242 ул. Атая Огонбаева, Бишкек	25
\.


--
-- Data for Name: profiles_phonenumber; Type: TABLE DATA; Schema: public; Owner: eventic_admin
--

COPY public.profiles_phonenumber (id, phone_number, phone_number_type, organizer_id) FROM stdin;
1	+996550838512	whatsapp	3
2	+996552662032	phone number	3
4	+996312665717	phone number	4
5	+996312660590	phone number	4
6	+996505122550	whatsapp	5
7	+996552339559	whatsapp	6
8	+996312661210	phone number	7
9	+996777100030	whatsapp	11
10	+996555746317	whatsapp	12
11	@rusteatr	telegram	3
13	+996312661210	whatsapp	25
14	+996 (555) 42-40-04	telegram	25
\.


--
-- Data for Name: profiles_sociallink; Type: TABLE DATA; Schema: public; Owner: eventic_admin
--

COPY public.profiles_sociallink (id, social_link_type, social_link, organizer_id) FROM stdin;
1	instagram	https://www.instagram.com/rusteatr.kg/	3
2	facebook	https://www.facebook.com/rusteatr.kg/	3
3	website	https://t.me/rusteatr	3
4	instagram	https://www.instagram.com/kyrgyzdramteatr_official	4
5	website	https://teatr.kg/	4
6	website	https://bishkek.wine/contacts/stores/	5
7	instagram	https://www.instagram.com/vintage.bishkek	5
8	instagram	https://www.instagram.com/filarmoniia_kg	6
9	website	https://filarmoniiakg.aqulas.me/	6
10	instagram	https://www.instagram.com/bishkek_american_center/	7
11	website	https://bishkekamericancenter.taplink.ws/	7
12	instagram	https://www.instagram.com/ololo.go/	11
13	facebook	https://www.facebook.com/ololocity?locale=ar_AR	11
14	website	https://go.ololo.city/	11
15	instagram	https://www.instagram.com/quiz_hub_bishkek/	12
17	instagram	https://www.instagram.com/bishkek_american_center/	25
\.


--
-- Data for Name: profiles_user; Type: TABLE DATA; Schema: public; Owner: eventic_admin
--

COPY public.profiles_user (baseprofile_ptr_id, first_name, last_name, created_at) FROM stdin;
26	Тилек	Болотбаев	2024-03-22 12:41:52.400135+00
27	Pakimoshka	*	2024-03-24 16:34:03.992555+00
16	Bekbolsun	Toktosunov	2024-03-22 08:51:55.684634+00
2	Ernazar	Aibekov	2024-03-19 10:00:24.292562+00
14	Aziret	Sharshenaliev	2024-03-21 18:15:07.625881+00
10	Zarina	D	2024-03-20 12:50:37.822688+00
9			2024-03-19 12:14:05.041415+00
18	Burkan	Geeks	2024-03-22 10:41:23.311107+00
19	Islam	Erlanov	2024-03-22 10:55:11.704327+00
22	Чынгыз	Конуратов	2024-03-22 11:52:51.089842+00
28	Alim	Kubat uulu	2024-03-26 11:04:00.48707+00
\.


--
-- Data for Name: profiles_user_events; Type: TABLE DATA; Schema: public; Owner: eventic_admin
--

COPY public.profiles_user_events (id, user_id, baseevent_id) FROM stdin;
4	2	8
20	19	12
21	27	3
23	27	7
24	10	12
\.


--
-- Data for Name: profiles_user_favourites; Type: TABLE DATA; Schema: public; Owner: eventic_admin
--

COPY public.profiles_user_favourites (id, user_id, baseevent_id) FROM stdin;
6	10	2
7	10	3
8	10	5
15	18	16
18	19	18
19	19	14
20	19	9
26	26	16
27	19	24
29	2	24
30	27	3
31	14	8
32	27	8
33	2	8
36	10	16
37	18	12
39	2	5
\.


--
-- Data for Name: profiles_user_last_viewed_events; Type: TABLE DATA; Schema: public; Owner: eventic_admin
--

COPY public.profiles_user_last_viewed_events (id, user_id, viewedevent_id) FROM stdin;
3	9	3
4	9	4
5	9	5
6	9	6
7	9	7
8	9	8
11	9	9
12	9	10
25	10	12
26	10	13
29	2	14
31	14	16
33	14	17
39	14	18
41	14	19
43	14	20
78	18	36
79	18	37
81	18	39
82	18	40
98	19	46
99	19	47
101	19	48
102	19	49
103	19	50
104	19	51
107	14	52
176	22	75
178	22	76
179	22	77
180	22	78
182	14	79
183	22	80
185	22	82
186	22	83
187	22	84
188	10	85
189	14	86
190	10	87
191	22	88
194	26	89
196	14	90
197	19	91
201	19	92
203	26	93
204	19	94
213	19	95
217	14	96
221	14	99
223	14	100
226	27	101
227	27	102
228	27	103
234	28	104
235	28	105
236	2	106
238	2	107
248	2	110
250	22	111
254	9	112
256	14	114
259	28	115
260	27	116
261	27	117
263	2	118
269	2	119
271	2	120
272	14	121
276	10	122
279	10	123
281	10	124
282	9	125
284	9	126
289	18	127
290	18	128
298	2	129
300	2	130
303	2	131
304	2	132
305	2	133
307	2	134
311	2	135
312	2	136
\.


--
-- Data for Name: profiles_viewedevent; Type: TABLE DATA; Schema: public; Owner: eventic_admin
--

COPY public.profiles_viewedevent (id, "timestamp", event_id, user_id) FROM stdin;
48	2024-03-22 12:51:14.328991+00	14	19
4	2024-03-19 12:15:18.308399+00	7	9
6	2024-04-05 06:14:16.919596+00	3	9
50	2024-03-22 11:04:09.520969+00	15	19
3	2024-04-05 06:14:31.959113+00	1	9
92	2024-03-22 12:51:46.574644+00	21	19
52	2024-03-22 11:10:01.887661+00	21	14
10	2024-03-19 13:04:11.516277+00	5	9
93	2024-03-22 13:02:59.72918+00	9	26
8	2024-03-19 13:09:10.908929+00	8	9
94	2024-03-22 13:05:01.919101+00	4	19
112	2024-03-28 14:40:49.105435+00	21	9
12	2024-03-20 13:02:42.688328+00	2	10
13	2024-03-20 13:02:58.730763+00	6	10
127	2024-04-06 10:12:09.051728+00	9	18
114	2024-03-28 15:07:07.85875+00	16	14
128	2024-04-06 10:12:39.760431+00	12	18
89	2024-03-22 13:07:06.713467+00	24	26
95	2024-03-22 13:07:25.003103+00	2	19
16	2024-03-28 15:07:49.226591+00	8	14
18	2024-03-21 20:40:23.08232+00	6	14
90	2024-03-22 13:07:35.482853+00	25	14
19	2024-03-21 20:41:13.548675+00	2	14
115	2024-03-28 16:18:06.765683+00	7	28
51	2024-03-22 13:07:44.528827+00	19	19
20	2024-03-21 22:32:08.29156+00	4	14
96	2024-03-22 17:31:44.294204+00	12	14
116	2024-03-28 16:19:33.275595+00	7	27
77	2024-03-22 11:57:15.534071+00	12	22
78	2024-03-22 11:57:40.688386+00	11	22
76	2024-03-22 11:59:52.049059+00	7	22
79	2024-03-22 17:35:25.123983+00	9	14
99	2024-03-22 17:36:17.475835+00	3	14
117	2024-03-28 16:24:46.546881+00	9	27
82	2024-03-22 12:04:44.0129+00	20	22
36	2024-03-22 10:41:56.879188+00	2	18
37	2024-03-22 10:42:10.53498+00	8	18
83	2024-03-22 12:17:53.028308+00	5	22
39	2024-03-22 10:42:18.38349+00	6	18
40	2024-03-22 10:42:24.053159+00	16	18
84	2024-03-22 12:18:02.167871+00	10	22
85	2024-03-22 12:39:15.833133+00	7	10
100	2024-03-23 08:38:29.280219+00	7	14
17	2024-03-23 12:16:08.337396+00	10	14
88	2024-03-22 12:40:05.130188+00	24	22
101	2024-03-24 16:34:17.253382+00	2	27
87	2024-03-22 12:40:50.142341+00	24	10
102	2024-03-24 16:35:17.494888+00	15	27
49	2024-04-08 06:14:01.157643+00	9	19
46	2024-03-22 11:03:06.158577+00	13	19
103	2024-03-24 16:36:18.382754+00	3	27
47	2024-03-22 11:03:31.828262+00	18	19
107	2024-04-08 14:46:03.55616+00	21	2
75	2024-03-25 11:03:05.325476+00	2	22
80	2024-03-25 11:03:52.584326+00	16	22
104	2024-03-26 11:05:15.347227+00	9	28
105	2024-03-26 11:09:34.158174+00	5	28
91	2024-03-22 12:48:47.574851+00	12	19
119	2024-03-30 13:03:53.486345+00	3	2
129	2024-04-09 07:08:49.943606+00	39	2
86	2024-03-22 12:50:05.633276+00	24	14
130	2024-04-09 07:08:55.589135+00	37	2
120	2024-03-30 13:09:25.603387+00	36	2
121	2024-04-01 14:13:21.659237+00	31	14
111	2024-03-28 11:33:15.732247+00	8	22
122	2024-04-04 15:04:25.497583+00	12	10
131	2024-04-09 07:13:49.6046+00	26	2
123	2024-04-04 15:53:38.172495+00	16	10
124	2024-04-04 16:08:25.770766+00	39	10
125	2024-04-05 06:13:45.189592+00	9	9
7	2024-04-05 06:13:48.842861+00	6	9
126	2024-04-05 06:13:52.497369+00	12	9
9	2024-04-05 06:13:57.096184+00	4	9
5	2024-04-05 06:14:10.772791+00	2	9
132	2024-04-09 07:14:01.252352+00	4	2
133	2024-04-09 07:14:20.196256+00	20	2
118	2024-04-09 07:14:51.293714+00	6	2
134	2024-04-09 07:15:25.093942+00	28	2
106	2024-04-09 07:15:28.38426+00	9	2
14	2024-04-09 07:16:07.62723+00	8	2
110	2024-04-09 16:43:56.662532+00	12	2
135	2024-04-09 16:45:15.41738+00	13	2
136	2024-04-09 16:45:19.146074+00	24	2
\.


--
-- Data for Name: questions_question; Type: TABLE DATA; Schema: public; Owner: eventic_admin
--

COPY public.questions_question (id, question, answer) FROM stdin;
5	Как я могу создать профиль организатора?	Если вы являетесь организатором мероприятий и хотите создать свой собственный профиль, пожалуйста, свяжитесь с администратором приложения через раздел "Связаться" и для получения дополнительной информации о создании профиля и о дальнейшем сотрудничестве.
1	Какие функции доступны в приложении?	Наше мобильное приложение предоставляет пользователям доступ к актуальной и подробной информации о проходящих и предстоящих культурных мероприятиях в вашем городе. Вы сможете просматривать мероприятия, добавлять их в избранное, создавать приглашения, подписываться на организаторов и многое другое.
2	Как я могу получить уведомления о новых мероприятиях?	Для получения уведомлений о новых мероприятиях вы можете подписаться на конкретного организатора или на отдельное мероприятие. Приложение будет автоматически уведомлять вас о любых обновлениях.
3	Как создать приглашение на свое мероприятие?	Чтобы создать приглашение на мероприятие, перейдите в свой личный кабинет и нажмите на "Создать приглашение на мероприятие", заполните все данные о мероприятии, добавьте имена приглашаемых и выберите шаблон для приглашения. Созданные приглашения можно сохранить или отправить через мессенджеры.
4	Как я могу добавить свое мероприятие в приложение?	Если вы являетесь организатором мероприятий и хотите разместить свое событие в нашем приложении, пожалуйста, свяжитесь с администратором приложения  "Связаться" и для получения дополнительной информации о процессе публикации мероприятий.
\.


--
-- Data for Name: users_customuser; Type: TABLE DATA; Schema: public; Owner: eventic_admin
--

COPY public.users_customuser (id, password, last_login, email, is_superuser, is_staff, is_verified, code) FROM stdin;
28	pbkdf2_sha256$600000$3fAdrwQ6X8I3TKphVwLO2i$c6R2/ZFkMhl21O1L7vdJI2MnN6AEqny0Q0qV0LPf+m4=	\N	alimoloo@mail.ru	f	f	t	\N
4	1	\N	ulut.teatr@mail.ru	f	f	t	\N
26	pbkdf2_sha256$600000$IBtHkd06JYbDRAYJtM9Vj2$ykk/r/3X1I9Sud6N22X1E67ABiG53lJ5EQ0lZeGfhxM=	\N	tilekbolotbaev@gmail.com	f	f	t	\N
10	pbkdf2_sha256$600000$FzNpzM7Jo8VD6bXSBkn3IL$pgGfhsfgUEMQfYBdYULKwnLHmOff5HpiGGtB0GOQUc0=	\N	zarina.djakipova@gmail.com	f	f	t	\N
12	1	\N	quiz_hub_bishkek@gmail.com	f	f	t	\N
27	pbkdf2_sha256$600000$E2o5UNIPqkX8YyTaf2O1Va$3qmetToK10l8CeJz0v/UvTxgh04/MRVWof/Ou1Ii9SQ=	\N	bombag456@gmail.com	f	f	t	\N
6	1	\N	filarmoniia.kg@gmail.com	f	f	f	\N
9	pbkdf2_sha256$600000$4f0YAB0vFW17CkE3DkQ9DL$YHVzWTw7zT8XzuBoD87O+1eao/HdQWArNdor4zmpoHI=	\N	rvbdy5xzbs@privaterelay.appleid.com	f	f	t	\N
18	pbkdf2_sha256$600000$5pf0pH9mOVtykxCkH9EFaA$pt3XPrmzkptJlTxMo+EPrRi6u1dDS1xoDYiFjptph7Q=	\N	alaimirjigit154@gmail.com	f	f	t	\N
19	pbkdf2_sha256$600000$r7mKy9hUxhQMXpJutIQDtl$7mPncpjsrDUOEBMiNAhh3X9D7WM+sJlXlvtZV215zpg=	\N	otbros.omg@gmail.com	f	f	t	\N
7	1	\N	borborubishkek@gmail.com	f	f	t	\N
16	pbkdf2_sha256$600000$8ZkmbhP8MNgB3niDbUK2Xl$erMk40p0cCYu0lxBwFPKrW5UXbSxABPGJ3qsmW31nZw=	\N	bekbolsuntk@gmail.com	f	f	t	\N
14	pbkdf2_sha256$600000$mBYTc53yeGVUbF9KuwXD8P$5bbR4C7w6EoqUQq5Bl8ozfjMWUPFl0DYY7tjjnuqQ7M=	\N	Aziret.Sharshenaliev@icloud.com	f	f	t	\N
22	pbkdf2_sha256$600000$pUXC4KfRSeYZBHYvpkT2ho$/rqD2L+doxPvetot4Xwa56av+XzJNGH4KcvdyQPhDS4=	\N	konuratov.chika@gmail.com	f	f	t	\N
11	1	\N	events@ololo.city	f	f	t	\N
5	1	\N	vintage.kgz@gmail.com	f	f	t	\N
2	pbkdf2_sha256$600000$IixEtesg7PJEEgvdSDVBq0$qBMLrHbEMMVKcUOzrlyqJP2peWWipn/Sx03rOvYuupM=	\N	ernazaraibekov2017@gmail.com	f	f	t	\N
3	1	\N	rtdbishkek@gmail.com	f	f	t	\N
1	pbkdf2_sha256$600000$F0bCbpQuTx2ZeVA3DxJDVB$XNYe0mAKMx4SOe7zP1Ur1675m2UDTAnIj+9mZupi09E=	2024-04-10 09:35:03.726166+00	eventicapply@gmail.com	t	t	f	\N
25	0123	2024-03-22 12:51:34+00	ulut.teatr556@mail.ru	f	f	f	\N
\.


--
-- Data for Name: users_customuser_groups; Type: TABLE DATA; Schema: public; Owner: eventic_admin
--

COPY public.users_customuser_groups (id, customuser_id, group_id) FROM stdin;
\.


--
-- Data for Name: users_customuser_user_permissions; Type: TABLE DATA; Schema: public; Owner: eventic_admin
--

COPY public.users_customuser_user_permissions (id, customuser_id, permission_id) FROM stdin;
\.


--
-- Name: auth_group_id_seq; Type: SEQUENCE SET; Schema: public; Owner: eventic_admin
--

SELECT pg_catalog.setval('public.auth_group_id_seq', 1, false);


--
-- Name: auth_group_permissions_id_seq; Type: SEQUENCE SET; Schema: public; Owner: eventic_admin
--

SELECT pg_catalog.setval('public.auth_group_permissions_id_seq', 1, false);


--
-- Name: auth_permission_id_seq; Type: SEQUENCE SET; Schema: public; Owner: eventic_admin
--

SELECT pg_catalog.setval('public.auth_permission_id_seq', 180, true);


--
-- Name: django_admin_log_id_seq; Type: SEQUENCE SET; Schema: public; Owner: eventic_admin
--

SELECT pg_catalog.setval('public.django_admin_log_id_seq', 166, true);


--
-- Name: django_celery_beat_clockedschedule_id_seq; Type: SEQUENCE SET; Schema: public; Owner: eventic_admin
--

SELECT pg_catalog.setval('public.django_celery_beat_clockedschedule_id_seq', 1, false);


--
-- Name: django_celery_beat_crontabschedule_id_seq; Type: SEQUENCE SET; Schema: public; Owner: eventic_admin
--

SELECT pg_catalog.setval('public.django_celery_beat_crontabschedule_id_seq', 1, false);


--
-- Name: django_celery_beat_intervalschedule_id_seq; Type: SEQUENCE SET; Schema: public; Owner: eventic_admin
--

SELECT pg_catalog.setval('public.django_celery_beat_intervalschedule_id_seq', 1, false);


--
-- Name: django_celery_beat_periodictask_id_seq; Type: SEQUENCE SET; Schema: public; Owner: eventic_admin
--

SELECT pg_catalog.setval('public.django_celery_beat_periodictask_id_seq', 1, false);


--
-- Name: django_celery_beat_solarschedule_id_seq; Type: SEQUENCE SET; Schema: public; Owner: eventic_admin
--

SELECT pg_catalog.setval('public.django_celery_beat_solarschedule_id_seq', 1, false);


--
-- Name: django_content_type_id_seq; Type: SEQUENCE SET; Schema: public; Owner: eventic_admin
--

SELECT pg_catalog.setval('public.django_content_type_id_seq', 45, true);


--
-- Name: django_migrations_id_seq; Type: SEQUENCE SET; Schema: public; Owner: eventic_admin
--

SELECT pg_catalog.setval('public.django_migrations_id_seq', 48, true);


--
-- Name: events_baseevent_id_seq; Type: SEQUENCE SET; Schema: public; Owner: eventic_admin
--

SELECT pg_catalog.setval('public.events_baseevent_id_seq', 39, true);


--
-- Name: events_baseevent_interests_id_seq; Type: SEQUENCE SET; Schema: public; Owner: eventic_admin
--

SELECT pg_catalog.setval('public.events_baseevent_interests_id_seq', 47, true);


--
-- Name: events_baseevent_language_id_seq; Type: SEQUENCE SET; Schema: public; Owner: eventic_admin
--

SELECT pg_catalog.setval('public.events_baseevent_language_id_seq', 51, true);


--
-- Name: events_category_id_seq; Type: SEQUENCE SET; Schema: public; Owner: eventic_admin
--

SELECT pg_catalog.setval('public.events_category_id_seq', 13, true);


--
-- Name: events_eventbanner_id_seq; Type: SEQUENCE SET; Schema: public; Owner: eventic_admin
--

SELECT pg_catalog.setval('public.events_eventbanner_id_seq', 41, true);


--
-- Name: events_eventtime_id_seq; Type: SEQUENCE SET; Schema: public; Owner: eventic_admin
--

SELECT pg_catalog.setval('public.events_eventtime_id_seq', 51, true);


--
-- Name: events_interests_id_seq; Type: SEQUENCE SET; Schema: public; Owner: eventic_admin
--

SELECT pg_catalog.setval('public.events_interests_id_seq', 13, true);


--
-- Name: events_language_id_seq; Type: SEQUENCE SET; Schema: public; Owner: eventic_admin
--

SELECT pg_catalog.setval('public.events_language_id_seq', 3, true);


--
-- Name: invitations_category_id_seq; Type: SEQUENCE SET; Schema: public; Owner: eventic_admin
--

SELECT pg_catalog.setval('public.invitations_category_id_seq', 8, true);


--
-- Name: invitations_contact_id_seq; Type: SEQUENCE SET; Schema: public; Owner: eventic_admin
--

SELECT pg_catalog.setval('public.invitations_contact_id_seq', 26, true);


--
-- Name: invitations_image_id_seq; Type: SEQUENCE SET; Schema: public; Owner: eventic_admin
--

SELECT pg_catalog.setval('public.invitations_image_id_seq', 14, true);


--
-- Name: locations_address_id_seq; Type: SEQUENCE SET; Schema: public; Owner: eventic_admin
--

SELECT pg_catalog.setval('public.locations_address_id_seq', 1, false);


--
-- Name: locations_city_id_seq; Type: SEQUENCE SET; Schema: public; Owner: eventic_admin
--

SELECT pg_catalog.setval('public.locations_city_id_seq', 2, true);


--
-- Name: locations_country_id_seq; Type: SEQUENCE SET; Schema: public; Owner: eventic_admin
--

SELECT pg_catalog.setval('public.locations_country_id_seq', 1, true);


--
-- Name: locations_region_id_seq; Type: SEQUENCE SET; Schema: public; Owner: eventic_admin
--

SELECT pg_catalog.setval('public.locations_region_id_seq', 2, true);


--
-- Name: notifications_basenotification_id_seq; Type: SEQUENCE SET; Schema: public; Owner: eventic_admin
--

SELECT pg_catalog.setval('public.notifications_basenotification_id_seq', 27, true);


--
-- Name: notifications_followbase_id_seq; Type: SEQUENCE SET; Schema: public; Owner: eventic_admin
--

SELECT pg_catalog.setval('public.notifications_followbase_id_seq', 86, true);


--
-- Name: profiles_organizeraddress_id_seq; Type: SEQUENCE SET; Schema: public; Owner: eventic_admin
--

SELECT pg_catalog.setval('public.profiles_organizeraddress_id_seq', 11, true);


--
-- Name: profiles_phonenumber_id_seq; Type: SEQUENCE SET; Schema: public; Owner: eventic_admin
--

SELECT pg_catalog.setval('public.profiles_phonenumber_id_seq', 14, true);


--
-- Name: profiles_sociallink_id_seq; Type: SEQUENCE SET; Schema: public; Owner: eventic_admin
--

SELECT pg_catalog.setval('public.profiles_sociallink_id_seq', 17, true);


--
-- Name: profiles_user_events_id_seq; Type: SEQUENCE SET; Schema: public; Owner: eventic_admin
--

SELECT pg_catalog.setval('public.profiles_user_events_id_seq', 24, true);


--
-- Name: profiles_user_favourites_id_seq; Type: SEQUENCE SET; Schema: public; Owner: eventic_admin
--

SELECT pg_catalog.setval('public.profiles_user_favourites_id_seq', 39, true);


--
-- Name: profiles_user_last_viewed_events_id_seq; Type: SEQUENCE SET; Schema: public; Owner: eventic_admin
--

SELECT pg_catalog.setval('public.profiles_user_last_viewed_events_id_seq', 312, true);


--
-- Name: profiles_viewedevent_id_seq; Type: SEQUENCE SET; Schema: public; Owner: eventic_admin
--

SELECT pg_catalog.setval('public.profiles_viewedevent_id_seq', 136, true);


--
-- Name: questions_question_id_seq; Type: SEQUENCE SET; Schema: public; Owner: eventic_admin
--

SELECT pg_catalog.setval('public.questions_question_id_seq', 5, true);


--
-- Name: users_customuser_groups_id_seq; Type: SEQUENCE SET; Schema: public; Owner: eventic_admin
--

SELECT pg_catalog.setval('public.users_customuser_groups_id_seq', 1, false);


--
-- Name: users_customuser_id_seq; Type: SEQUENCE SET; Schema: public; Owner: eventic_admin
--

SELECT pg_catalog.setval('public.users_customuser_id_seq', 28, true);


--
-- Name: users_customuser_user_permissions_id_seq; Type: SEQUENCE SET; Schema: public; Owner: eventic_admin
--

SELECT pg_catalog.setval('public.users_customuser_user_permissions_id_seq', 1, true);


--
-- Name: auth_group auth_group_name_key; Type: CONSTRAINT; Schema: public; Owner: eventic_admin
--

ALTER TABLE ONLY public.auth_group
    ADD CONSTRAINT auth_group_name_key UNIQUE (name);


--
-- Name: auth_group_permissions auth_group_permissions_group_id_permission_id_0cd325b0_uniq; Type: CONSTRAINT; Schema: public; Owner: eventic_admin
--

ALTER TABLE ONLY public.auth_group_permissions
    ADD CONSTRAINT auth_group_permissions_group_id_permission_id_0cd325b0_uniq UNIQUE (group_id, permission_id);


--
-- Name: auth_group_permissions auth_group_permissions_pkey; Type: CONSTRAINT; Schema: public; Owner: eventic_admin
--

ALTER TABLE ONLY public.auth_group_permissions
    ADD CONSTRAINT auth_group_permissions_pkey PRIMARY KEY (id);


--
-- Name: auth_group auth_group_pkey; Type: CONSTRAINT; Schema: public; Owner: eventic_admin
--

ALTER TABLE ONLY public.auth_group
    ADD CONSTRAINT auth_group_pkey PRIMARY KEY (id);


--
-- Name: auth_permission auth_permission_content_type_id_codename_01ab375a_uniq; Type: CONSTRAINT; Schema: public; Owner: eventic_admin
--

ALTER TABLE ONLY public.auth_permission
    ADD CONSTRAINT auth_permission_content_type_id_codename_01ab375a_uniq UNIQUE (content_type_id, codename);


--
-- Name: auth_permission auth_permission_pkey; Type: CONSTRAINT; Schema: public; Owner: eventic_admin
--

ALTER TABLE ONLY public.auth_permission
    ADD CONSTRAINT auth_permission_pkey PRIMARY KEY (id);


--
-- Name: django_admin_log django_admin_log_pkey; Type: CONSTRAINT; Schema: public; Owner: eventic_admin
--

ALTER TABLE ONLY public.django_admin_log
    ADD CONSTRAINT django_admin_log_pkey PRIMARY KEY (id);


--
-- Name: django_celery_beat_clockedschedule django_celery_beat_clockedschedule_pkey; Type: CONSTRAINT; Schema: public; Owner: eventic_admin
--

ALTER TABLE ONLY public.django_celery_beat_clockedschedule
    ADD CONSTRAINT django_celery_beat_clockedschedule_pkey PRIMARY KEY (id);


--
-- Name: django_celery_beat_crontabschedule django_celery_beat_crontabschedule_pkey; Type: CONSTRAINT; Schema: public; Owner: eventic_admin
--

ALTER TABLE ONLY public.django_celery_beat_crontabschedule
    ADD CONSTRAINT django_celery_beat_crontabschedule_pkey PRIMARY KEY (id);


--
-- Name: django_celery_beat_intervalschedule django_celery_beat_intervalschedule_pkey; Type: CONSTRAINT; Schema: public; Owner: eventic_admin
--

ALTER TABLE ONLY public.django_celery_beat_intervalschedule
    ADD CONSTRAINT django_celery_beat_intervalschedule_pkey PRIMARY KEY (id);


--
-- Name: django_celery_beat_periodictask django_celery_beat_periodictask_name_key; Type: CONSTRAINT; Schema: public; Owner: eventic_admin
--

ALTER TABLE ONLY public.django_celery_beat_periodictask
    ADD CONSTRAINT django_celery_beat_periodictask_name_key UNIQUE (name);


--
-- Name: django_celery_beat_periodictask django_celery_beat_periodictask_pkey; Type: CONSTRAINT; Schema: public; Owner: eventic_admin
--

ALTER TABLE ONLY public.django_celery_beat_periodictask
    ADD CONSTRAINT django_celery_beat_periodictask_pkey PRIMARY KEY (id);


--
-- Name: django_celery_beat_periodictasks django_celery_beat_periodictasks_pkey; Type: CONSTRAINT; Schema: public; Owner: eventic_admin
--

ALTER TABLE ONLY public.django_celery_beat_periodictasks
    ADD CONSTRAINT django_celery_beat_periodictasks_pkey PRIMARY KEY (ident);


--
-- Name: django_celery_beat_solarschedule django_celery_beat_solar_event_latitude_longitude_ba64999a_uniq; Type: CONSTRAINT; Schema: public; Owner: eventic_admin
--

ALTER TABLE ONLY public.django_celery_beat_solarschedule
    ADD CONSTRAINT django_celery_beat_solar_event_latitude_longitude_ba64999a_uniq UNIQUE (event, latitude, longitude);


--
-- Name: django_celery_beat_solarschedule django_celery_beat_solarschedule_pkey; Type: CONSTRAINT; Schema: public; Owner: eventic_admin
--

ALTER TABLE ONLY public.django_celery_beat_solarschedule
    ADD CONSTRAINT django_celery_beat_solarschedule_pkey PRIMARY KEY (id);


--
-- Name: django_content_type django_content_type_app_label_model_76bd3d3b_uniq; Type: CONSTRAINT; Schema: public; Owner: eventic_admin
--

ALTER TABLE ONLY public.django_content_type
    ADD CONSTRAINT django_content_type_app_label_model_76bd3d3b_uniq UNIQUE (app_label, model);


--
-- Name: django_content_type django_content_type_pkey; Type: CONSTRAINT; Schema: public; Owner: eventic_admin
--

ALTER TABLE ONLY public.django_content_type
    ADD CONSTRAINT django_content_type_pkey PRIMARY KEY (id);


--
-- Name: django_migrations django_migrations_pkey; Type: CONSTRAINT; Schema: public; Owner: eventic_admin
--

ALTER TABLE ONLY public.django_migrations
    ADD CONSTRAINT django_migrations_pkey PRIMARY KEY (id);


--
-- Name: django_session django_session_pkey; Type: CONSTRAINT; Schema: public; Owner: eventic_admin
--

ALTER TABLE ONLY public.django_session
    ADD CONSTRAINT django_session_pkey PRIMARY KEY (session_key);


--
-- Name: events_baseevent_interests events_baseevent_interes_baseevent_id_interests_i_3ed397f3_uniq; Type: CONSTRAINT; Schema: public; Owner: eventic_admin
--

ALTER TABLE ONLY public.events_baseevent_interests
    ADD CONSTRAINT events_baseevent_interes_baseevent_id_interests_i_3ed397f3_uniq UNIQUE (baseevent_id, interests_id);


--
-- Name: events_baseevent_interests events_baseevent_interests_pkey; Type: CONSTRAINT; Schema: public; Owner: eventic_admin
--

ALTER TABLE ONLY public.events_baseevent_interests
    ADD CONSTRAINT events_baseevent_interests_pkey PRIMARY KEY (id);


--
-- Name: events_baseevent_language events_baseevent_languag_baseevent_id_language_id_93eca817_uniq; Type: CONSTRAINT; Schema: public; Owner: eventic_admin
--

ALTER TABLE ONLY public.events_baseevent_language
    ADD CONSTRAINT events_baseevent_languag_baseevent_id_language_id_93eca817_uniq UNIQUE (baseevent_id, language_id);


--
-- Name: events_baseevent_language events_baseevent_language_pkey; Type: CONSTRAINT; Schema: public; Owner: eventic_admin
--

ALTER TABLE ONLY public.events_baseevent_language
    ADD CONSTRAINT events_baseevent_language_pkey PRIMARY KEY (id);


--
-- Name: events_baseevent events_baseevent_pkey; Type: CONSTRAINT; Schema: public; Owner: eventic_admin
--

ALTER TABLE ONLY public.events_baseevent
    ADD CONSTRAINT events_baseevent_pkey PRIMARY KEY (id);


--
-- Name: events_category events_category_pkey; Type: CONSTRAINT; Schema: public; Owner: eventic_admin
--

ALTER TABLE ONLY public.events_category
    ADD CONSTRAINT events_category_pkey PRIMARY KEY (id);


--
-- Name: events_eventbanner events_eventbanner_pkey; Type: CONSTRAINT; Schema: public; Owner: eventic_admin
--

ALTER TABLE ONLY public.events_eventbanner
    ADD CONSTRAINT events_eventbanner_pkey PRIMARY KEY (id);


--
-- Name: events_eventdate events_eventdate_pkey; Type: CONSTRAINT; Schema: public; Owner: eventic_admin
--

ALTER TABLE ONLY public.events_eventdate
    ADD CONSTRAINT events_eventdate_pkey PRIMARY KEY (eventtime_ptr_id);


--
-- Name: events_eventtime events_eventtime_pkey; Type: CONSTRAINT; Schema: public; Owner: eventic_admin
--

ALTER TABLE ONLY public.events_eventtime
    ADD CONSTRAINT events_eventtime_pkey PRIMARY KEY (id);


--
-- Name: events_interests events_interests_pkey; Type: CONSTRAINT; Schema: public; Owner: eventic_admin
--

ALTER TABLE ONLY public.events_interests
    ADD CONSTRAINT events_interests_pkey PRIMARY KEY (id);


--
-- Name: events_language events_language_pkey; Type: CONSTRAINT; Schema: public; Owner: eventic_admin
--

ALTER TABLE ONLY public.events_language
    ADD CONSTRAINT events_language_pkey PRIMARY KEY (id);


--
-- Name: events_permanentevent events_permanentevent_pkey; Type: CONSTRAINT; Schema: public; Owner: eventic_admin
--

ALTER TABLE ONLY public.events_permanentevent
    ADD CONSTRAINT events_permanentevent_pkey PRIMARY KEY (baseevent_ptr_id);


--
-- Name: events_permanenteventdays events_permanenteventdays_pkey; Type: CONSTRAINT; Schema: public; Owner: eventic_admin
--

ALTER TABLE ONLY public.events_permanenteventdays
    ADD CONSTRAINT events_permanenteventdays_pkey PRIMARY KEY (eventtime_ptr_id);


--
-- Name: events_temporaryevent events_temporaryevent_pkey; Type: CONSTRAINT; Schema: public; Owner: eventic_admin
--

ALTER TABLE ONLY public.events_temporaryevent
    ADD CONSTRAINT events_temporaryevent_pkey PRIMARY KEY (baseevent_ptr_id);


--
-- Name: invitations_category invitations_category_pkey; Type: CONSTRAINT; Schema: public; Owner: eventic_admin
--

ALTER TABLE ONLY public.invitations_category
    ADD CONSTRAINT invitations_category_pkey PRIMARY KEY (id);


--
-- Name: invitations_contact invitations_contact_pkey; Type: CONSTRAINT; Schema: public; Owner: eventic_admin
--

ALTER TABLE ONLY public.invitations_contact
    ADD CONSTRAINT invitations_contact_pkey PRIMARY KEY (id);


--
-- Name: invitations_image invitations_image_pkey; Type: CONSTRAINT; Schema: public; Owner: eventic_admin
--

ALTER TABLE ONLY public.invitations_image
    ADD CONSTRAINT invitations_image_pkey PRIMARY KEY (id);


--
-- Name: locations_address locations_address_pkey; Type: CONSTRAINT; Schema: public; Owner: eventic_admin
--

ALTER TABLE ONLY public.locations_address
    ADD CONSTRAINT locations_address_pkey PRIMARY KEY (id);


--
-- Name: locations_city locations_city_pkey; Type: CONSTRAINT; Schema: public; Owner: eventic_admin
--

ALTER TABLE ONLY public.locations_city
    ADD CONSTRAINT locations_city_pkey PRIMARY KEY (id);


--
-- Name: locations_country locations_country_pkey; Type: CONSTRAINT; Schema: public; Owner: eventic_admin
--

ALTER TABLE ONLY public.locations_country
    ADD CONSTRAINT locations_country_pkey PRIMARY KEY (id);


--
-- Name: locations_region locations_region_pkey; Type: CONSTRAINT; Schema: public; Owner: eventic_admin
--

ALTER TABLE ONLY public.locations_region
    ADD CONSTRAINT locations_region_pkey PRIMARY KEY (id);


--
-- Name: notifications_basenotification notifications_basenotification_pkey; Type: CONSTRAINT; Schema: public; Owner: eventic_admin
--

ALTER TABLE ONLY public.notifications_basenotification
    ADD CONSTRAINT notifications_basenotification_pkey PRIMARY KEY (id);


--
-- Name: notifications_followbase notifications_followbase_pkey; Type: CONSTRAINT; Schema: public; Owner: eventic_admin
--

ALTER TABLE ONLY public.notifications_followbase
    ADD CONSTRAINT notifications_followbase_pkey PRIMARY KEY (id);


--
-- Name: notifications_followorg notifications_followorg_pkey; Type: CONSTRAINT; Schema: public; Owner: eventic_admin
--

ALTER TABLE ONLY public.notifications_followorg
    ADD CONSTRAINT notifications_followorg_pkey PRIMARY KEY (followbase_ptr_id);


--
-- Name: notifications_followperm notifications_followperm_pkey; Type: CONSTRAINT; Schema: public; Owner: eventic_admin
--

ALTER TABLE ONLY public.notifications_followperm
    ADD CONSTRAINT notifications_followperm_pkey PRIMARY KEY (followbase_ptr_id);


--
-- Name: notifications_followtemp notifications_followtemp_pkey; Type: CONSTRAINT; Schema: public; Owner: eventic_admin
--

ALTER TABLE ONLY public.notifications_followtemp
    ADD CONSTRAINT notifications_followtemp_pkey PRIMARY KEY (followbase_ptr_id);


--
-- Name: notifications_organizationnotification notifications_organizationnotification_pkey; Type: CONSTRAINT; Schema: public; Owner: eventic_admin
--

ALTER TABLE ONLY public.notifications_organizationnotification
    ADD CONSTRAINT notifications_organizationnotification_pkey PRIMARY KEY (basenotification_ptr_id);


--
-- Name: notifications_permanentnotification notifications_permanentnotification_pkey; Type: CONSTRAINT; Schema: public; Owner: eventic_admin
--

ALTER TABLE ONLY public.notifications_permanentnotification
    ADD CONSTRAINT notifications_permanentnotification_pkey PRIMARY KEY (basenotification_ptr_id);


--
-- Name: notifications_temporarynotification notifications_temporarynotification_pkey; Type: CONSTRAINT; Schema: public; Owner: eventic_admin
--

ALTER TABLE ONLY public.notifications_temporarynotification
    ADD CONSTRAINT notifications_temporarynotification_pkey PRIMARY KEY (basenotification_ptr_id);


--
-- Name: profiles_baseprofile profiles_baseprofile_pkey; Type: CONSTRAINT; Schema: public; Owner: eventic_admin
--

ALTER TABLE ONLY public.profiles_baseprofile
    ADD CONSTRAINT profiles_baseprofile_pkey PRIMARY KEY (customuser_ptr_id);


--
-- Name: profiles_organizer profiles_organizer_pkey; Type: CONSTRAINT; Schema: public; Owner: eventic_admin
--

ALTER TABLE ONLY public.profiles_organizer
    ADD CONSTRAINT profiles_organizer_pkey PRIMARY KEY (baseprofile_ptr_id);


--
-- Name: profiles_organizeraddress profiles_organizeraddress_pkey; Type: CONSTRAINT; Schema: public; Owner: eventic_admin
--

ALTER TABLE ONLY public.profiles_organizeraddress
    ADD CONSTRAINT profiles_organizeraddress_pkey PRIMARY KEY (id);


--
-- Name: profiles_phonenumber profiles_phonenumber_pkey; Type: CONSTRAINT; Schema: public; Owner: eventic_admin
--

ALTER TABLE ONLY public.profiles_phonenumber
    ADD CONSTRAINT profiles_phonenumber_pkey PRIMARY KEY (id);


--
-- Name: profiles_sociallink profiles_sociallink_pkey; Type: CONSTRAINT; Schema: public; Owner: eventic_admin
--

ALTER TABLE ONLY public.profiles_sociallink
    ADD CONSTRAINT profiles_sociallink_pkey PRIMARY KEY (id);


--
-- Name: profiles_user_events profiles_user_events_pkey; Type: CONSTRAINT; Schema: public; Owner: eventic_admin
--

ALTER TABLE ONLY public.profiles_user_events
    ADD CONSTRAINT profiles_user_events_pkey PRIMARY KEY (id);


--
-- Name: profiles_user_events profiles_user_events_user_id_baseevent_id_87a9d1b3_uniq; Type: CONSTRAINT; Schema: public; Owner: eventic_admin
--

ALTER TABLE ONLY public.profiles_user_events
    ADD CONSTRAINT profiles_user_events_user_id_baseevent_id_87a9d1b3_uniq UNIQUE (user_id, baseevent_id);


--
-- Name: profiles_user_favourites profiles_user_favourites_pkey; Type: CONSTRAINT; Schema: public; Owner: eventic_admin
--

ALTER TABLE ONLY public.profiles_user_favourites
    ADD CONSTRAINT profiles_user_favourites_pkey PRIMARY KEY (id);


--
-- Name: profiles_user_favourites profiles_user_favourites_user_id_baseevent_id_5d3a88c3_uniq; Type: CONSTRAINT; Schema: public; Owner: eventic_admin
--

ALTER TABLE ONLY public.profiles_user_favourites
    ADD CONSTRAINT profiles_user_favourites_user_id_baseevent_id_5d3a88c3_uniq UNIQUE (user_id, baseevent_id);


--
-- Name: profiles_user_last_viewed_events profiles_user_last_viewe_user_id_viewedevent_id_daf5bbb9_uniq; Type: CONSTRAINT; Schema: public; Owner: eventic_admin
--

ALTER TABLE ONLY public.profiles_user_last_viewed_events
    ADD CONSTRAINT profiles_user_last_viewe_user_id_viewedevent_id_daf5bbb9_uniq UNIQUE (user_id, viewedevent_id);


--
-- Name: profiles_user_last_viewed_events profiles_user_last_viewed_events_pkey; Type: CONSTRAINT; Schema: public; Owner: eventic_admin
--

ALTER TABLE ONLY public.profiles_user_last_viewed_events
    ADD CONSTRAINT profiles_user_last_viewed_events_pkey PRIMARY KEY (id);


--
-- Name: profiles_user profiles_user_pkey; Type: CONSTRAINT; Schema: public; Owner: eventic_admin
--

ALTER TABLE ONLY public.profiles_user
    ADD CONSTRAINT profiles_user_pkey PRIMARY KEY (baseprofile_ptr_id);


--
-- Name: profiles_viewedevent profiles_viewedevent_pkey; Type: CONSTRAINT; Schema: public; Owner: eventic_admin
--

ALTER TABLE ONLY public.profiles_viewedevent
    ADD CONSTRAINT profiles_viewedevent_pkey PRIMARY KEY (id);


--
-- Name: questions_question questions_question_pkey; Type: CONSTRAINT; Schema: public; Owner: eventic_admin
--

ALTER TABLE ONLY public.questions_question
    ADD CONSTRAINT questions_question_pkey PRIMARY KEY (id);


--
-- Name: users_customuser users_customuser_email_key; Type: CONSTRAINT; Schema: public; Owner: eventic_admin
--

ALTER TABLE ONLY public.users_customuser
    ADD CONSTRAINT users_customuser_email_key UNIQUE (email);


--
-- Name: users_customuser_groups users_customuser_groups_customuser_id_group_id_76b619e3_uniq; Type: CONSTRAINT; Schema: public; Owner: eventic_admin
--

ALTER TABLE ONLY public.users_customuser_groups
    ADD CONSTRAINT users_customuser_groups_customuser_id_group_id_76b619e3_uniq UNIQUE (customuser_id, group_id);


--
-- Name: users_customuser_groups users_customuser_groups_pkey; Type: CONSTRAINT; Schema: public; Owner: eventic_admin
--

ALTER TABLE ONLY public.users_customuser_groups
    ADD CONSTRAINT users_customuser_groups_pkey PRIMARY KEY (id);


--
-- Name: users_customuser users_customuser_pkey; Type: CONSTRAINT; Schema: public; Owner: eventic_admin
--

ALTER TABLE ONLY public.users_customuser
    ADD CONSTRAINT users_customuser_pkey PRIMARY KEY (id);


--
-- Name: users_customuser_user_permissions users_customuser_user_pe_customuser_id_permission_7a7debf6_uniq; Type: CONSTRAINT; Schema: public; Owner: eventic_admin
--

ALTER TABLE ONLY public.users_customuser_user_permissions
    ADD CONSTRAINT users_customuser_user_pe_customuser_id_permission_7a7debf6_uniq UNIQUE (customuser_id, permission_id);


--
-- Name: users_customuser_user_permissions users_customuser_user_permissions_pkey; Type: CONSTRAINT; Schema: public; Owner: eventic_admin
--

ALTER TABLE ONLY public.users_customuser_user_permissions
    ADD CONSTRAINT users_customuser_user_permissions_pkey PRIMARY KEY (id);


--
-- Name: auth_group_name_a6ea08ec_like; Type: INDEX; Schema: public; Owner: eventic_admin
--

CREATE INDEX auth_group_name_a6ea08ec_like ON public.auth_group USING btree (name varchar_pattern_ops);


--
-- Name: auth_group_permissions_group_id_b120cbf9; Type: INDEX; Schema: public; Owner: eventic_admin
--

CREATE INDEX auth_group_permissions_group_id_b120cbf9 ON public.auth_group_permissions USING btree (group_id);


--
-- Name: auth_group_permissions_permission_id_84c5c92e; Type: INDEX; Schema: public; Owner: eventic_admin
--

CREATE INDEX auth_group_permissions_permission_id_84c5c92e ON public.auth_group_permissions USING btree (permission_id);


--
-- Name: auth_permission_content_type_id_2f476e4b; Type: INDEX; Schema: public; Owner: eventic_admin
--

CREATE INDEX auth_permission_content_type_id_2f476e4b ON public.auth_permission USING btree (content_type_id);


--
-- Name: django_admin_log_content_type_id_c4bce8eb; Type: INDEX; Schema: public; Owner: eventic_admin
--

CREATE INDEX django_admin_log_content_type_id_c4bce8eb ON public.django_admin_log USING btree (content_type_id);


--
-- Name: django_admin_log_user_id_c564eba6; Type: INDEX; Schema: public; Owner: eventic_admin
--

CREATE INDEX django_admin_log_user_id_c564eba6 ON public.django_admin_log USING btree (user_id);


--
-- Name: django_celery_beat_periodictask_clocked_id_47a69f82; Type: INDEX; Schema: public; Owner: eventic_admin
--

CREATE INDEX django_celery_beat_periodictask_clocked_id_47a69f82 ON public.django_celery_beat_periodictask USING btree (clocked_id);


--
-- Name: django_celery_beat_periodictask_crontab_id_d3cba168; Type: INDEX; Schema: public; Owner: eventic_admin
--

CREATE INDEX django_celery_beat_periodictask_crontab_id_d3cba168 ON public.django_celery_beat_periodictask USING btree (crontab_id);


--
-- Name: django_celery_beat_periodictask_interval_id_a8ca27da; Type: INDEX; Schema: public; Owner: eventic_admin
--

CREATE INDEX django_celery_beat_periodictask_interval_id_a8ca27da ON public.django_celery_beat_periodictask USING btree (interval_id);


--
-- Name: django_celery_beat_periodictask_name_265a36b7_like; Type: INDEX; Schema: public; Owner: eventic_admin
--

CREATE INDEX django_celery_beat_periodictask_name_265a36b7_like ON public.django_celery_beat_periodictask USING btree (name varchar_pattern_ops);


--
-- Name: django_celery_beat_periodictask_solar_id_a87ce72c; Type: INDEX; Schema: public; Owner: eventic_admin
--

CREATE INDEX django_celery_beat_periodictask_solar_id_a87ce72c ON public.django_celery_beat_periodictask USING btree (solar_id);


--
-- Name: django_session_expire_date_a5c62663; Type: INDEX; Schema: public; Owner: eventic_admin
--

CREATE INDEX django_session_expire_date_a5c62663 ON public.django_session USING btree (expire_date);


--
-- Name: django_session_session_key_c0390e0f_like; Type: INDEX; Schema: public; Owner: eventic_admin
--

CREATE INDEX django_session_session_key_c0390e0f_like ON public.django_session USING btree (session_key varchar_pattern_ops);


--
-- Name: events_baseevent_category_id_da07c1fa; Type: INDEX; Schema: public; Owner: eventic_admin
--

CREATE INDEX events_baseevent_category_id_da07c1fa ON public.events_baseevent USING btree (category_id);


--
-- Name: events_baseevent_city_id_a68ddabf; Type: INDEX; Schema: public; Owner: eventic_admin
--

CREATE INDEX events_baseevent_city_id_a68ddabf ON public.events_baseevent USING btree (city_id);


--
-- Name: events_baseevent_interests_baseevent_id_7921c324; Type: INDEX; Schema: public; Owner: eventic_admin
--

CREATE INDEX events_baseevent_interests_baseevent_id_7921c324 ON public.events_baseevent_interests USING btree (baseevent_id);


--
-- Name: events_baseevent_interests_interests_id_c12d4072; Type: INDEX; Schema: public; Owner: eventic_admin
--

CREATE INDEX events_baseevent_interests_interests_id_c12d4072 ON public.events_baseevent_interests USING btree (interests_id);


--
-- Name: events_baseevent_language_baseevent_id_f1b8d06c; Type: INDEX; Schema: public; Owner: eventic_admin
--

CREATE INDEX events_baseevent_language_baseevent_id_f1b8d06c ON public.events_baseevent_language USING btree (baseevent_id);


--
-- Name: events_baseevent_language_language_id_429a48f3; Type: INDEX; Schema: public; Owner: eventic_admin
--

CREATE INDEX events_baseevent_language_language_id_429a48f3 ON public.events_baseevent_language USING btree (language_id);


--
-- Name: events_baseevent_organizer_id_1ef92828; Type: INDEX; Schema: public; Owner: eventic_admin
--

CREATE INDEX events_baseevent_organizer_id_1ef92828 ON public.events_baseevent USING btree (organizer_id);


--
-- Name: events_category_slug_b2b83057; Type: INDEX; Schema: public; Owner: eventic_admin
--

CREATE INDEX events_category_slug_b2b83057 ON public.events_category USING btree (slug);


--
-- Name: events_category_slug_b2b83057_like; Type: INDEX; Schema: public; Owner: eventic_admin
--

CREATE INDEX events_category_slug_b2b83057_like ON public.events_category USING btree (slug varchar_pattern_ops);


--
-- Name: events_eventbanner_event_id_3e6d5a59; Type: INDEX; Schema: public; Owner: eventic_admin
--

CREATE INDEX events_eventbanner_event_id_3e6d5a59 ON public.events_eventbanner USING btree (event_id);


--
-- Name: events_eventdate_temp_id_7757501e; Type: INDEX; Schema: public; Owner: eventic_admin
--

CREATE INDEX events_eventdate_temp_id_7757501e ON public.events_eventdate USING btree (temp_id);


--
-- Name: events_interests_slug_d15cff85; Type: INDEX; Schema: public; Owner: eventic_admin
--

CREATE INDEX events_interests_slug_d15cff85 ON public.events_interests USING btree (slug);


--
-- Name: events_interests_slug_d15cff85_like; Type: INDEX; Schema: public; Owner: eventic_admin
--

CREATE INDEX events_interests_slug_d15cff85_like ON public.events_interests USING btree (slug varchar_pattern_ops);


--
-- Name: events_language_slug_7b8a4ccc; Type: INDEX; Schema: public; Owner: eventic_admin
--

CREATE INDEX events_language_slug_7b8a4ccc ON public.events_language USING btree (slug);


--
-- Name: events_language_slug_7b8a4ccc_like; Type: INDEX; Schema: public; Owner: eventic_admin
--

CREATE INDEX events_language_slug_7b8a4ccc_like ON public.events_language USING btree (slug varchar_pattern_ops);


--
-- Name: events_permanenteventdays_permanent_event_id_79ba6576; Type: INDEX; Schema: public; Owner: eventic_admin
--

CREATE INDEX events_permanenteventdays_permanent_event_id_79ba6576 ON public.events_permanenteventdays USING btree (permanent_event_id);


--
-- Name: invitations_category_slug_c478498c; Type: INDEX; Schema: public; Owner: eventic_admin
--

CREATE INDEX invitations_category_slug_c478498c ON public.invitations_category USING btree (slug);


--
-- Name: invitations_category_slug_c478498c_like; Type: INDEX; Schema: public; Owner: eventic_admin
--

CREATE INDEX invitations_category_slug_c478498c_like ON public.invitations_category USING btree (slug varchar_pattern_ops);


--
-- Name: invitations_contact_slug_d6c34ea5; Type: INDEX; Schema: public; Owner: eventic_admin
--

CREATE INDEX invitations_contact_slug_d6c34ea5 ON public.invitations_contact USING btree (slug);


--
-- Name: invitations_contact_slug_d6c34ea5_like; Type: INDEX; Schema: public; Owner: eventic_admin
--

CREATE INDEX invitations_contact_slug_d6c34ea5_like ON public.invitations_contact USING btree (slug varchar_pattern_ops);


--
-- Name: invitations_contact_user_id_b6535dc6; Type: INDEX; Schema: public; Owner: eventic_admin
--

CREATE INDEX invitations_contact_user_id_b6535dc6 ON public.invitations_contact USING btree (user_id);


--
-- Name: locations_address_city_id_36f7f452; Type: INDEX; Schema: public; Owner: eventic_admin
--

CREATE INDEX locations_address_city_id_36f7f452 ON public.locations_address USING btree (city_id);


--
-- Name: locations_address_slug_5c8dc706; Type: INDEX; Schema: public; Owner: eventic_admin
--

CREATE INDEX locations_address_slug_5c8dc706 ON public.locations_address USING btree (slug);


--
-- Name: locations_address_slug_5c8dc706_like; Type: INDEX; Schema: public; Owner: eventic_admin
--

CREATE INDEX locations_address_slug_5c8dc706_like ON public.locations_address USING btree (slug varchar_pattern_ops);


--
-- Name: locations_city_region_id_785206de; Type: INDEX; Schema: public; Owner: eventic_admin
--

CREATE INDEX locations_city_region_id_785206de ON public.locations_city USING btree (region_id);


--
-- Name: locations_city_slug_fdb88e36; Type: INDEX; Schema: public; Owner: eventic_admin
--

CREATE INDEX locations_city_slug_fdb88e36 ON public.locations_city USING btree (slug);


--
-- Name: locations_city_slug_fdb88e36_like; Type: INDEX; Schema: public; Owner: eventic_admin
--

CREATE INDEX locations_city_slug_fdb88e36_like ON public.locations_city USING btree (slug varchar_pattern_ops);


--
-- Name: locations_country_slug_bafce7fc; Type: INDEX; Schema: public; Owner: eventic_admin
--

CREATE INDEX locations_country_slug_bafce7fc ON public.locations_country USING btree (slug);


--
-- Name: locations_country_slug_bafce7fc_like; Type: INDEX; Schema: public; Owner: eventic_admin
--

CREATE INDEX locations_country_slug_bafce7fc_like ON public.locations_country USING btree (slug varchar_pattern_ops);


--
-- Name: locations_region_country_id_9aae9082; Type: INDEX; Schema: public; Owner: eventic_admin
--

CREATE INDEX locations_region_country_id_9aae9082 ON public.locations_region USING btree (country_id);


--
-- Name: locations_region_slug_aae1c2b9; Type: INDEX; Schema: public; Owner: eventic_admin
--

CREATE INDEX locations_region_slug_aae1c2b9 ON public.locations_region USING btree (slug);


--
-- Name: locations_region_slug_aae1c2b9_like; Type: INDEX; Schema: public; Owner: eventic_admin
--

CREATE INDEX locations_region_slug_aae1c2b9_like ON public.locations_region USING btree (slug varchar_pattern_ops);


--
-- Name: notifications_followbase_user_id_aba8d623; Type: INDEX; Schema: public; Owner: eventic_admin
--

CREATE INDEX notifications_followbase_user_id_aba8d623 ON public.notifications_followbase USING btree (user_id);


--
-- Name: notifications_followorg_organizer_id_771c9ecf; Type: INDEX; Schema: public; Owner: eventic_admin
--

CREATE INDEX notifications_followorg_organizer_id_771c9ecf ON public.notifications_followorg USING btree (organizer_id);


--
-- Name: notifications_followperm_event_id_a9eb1c8e; Type: INDEX; Schema: public; Owner: eventic_admin
--

CREATE INDEX notifications_followperm_event_id_a9eb1c8e ON public.notifications_followperm USING btree (event_id);


--
-- Name: notifications_followtemp_event_id_d7830096; Type: INDEX; Schema: public; Owner: eventic_admin
--

CREATE INDEX notifications_followtemp_event_id_d7830096 ON public.notifications_followtemp USING btree (event_id);


--
-- Name: notifications_organizationnotification_event_id_25cb7e78; Type: INDEX; Schema: public; Owner: eventic_admin
--

CREATE INDEX notifications_organizationnotification_event_id_25cb7e78 ON public.notifications_organizationnotification USING btree (event_id);


--
-- Name: notifications_organizationnotification_follow_id_403b9236; Type: INDEX; Schema: public; Owner: eventic_admin
--

CREATE INDEX notifications_organizationnotification_follow_id_403b9236 ON public.notifications_organizationnotification USING btree (follow_id);


--
-- Name: notifications_permanentnotification_follow_id_8fd5d61e; Type: INDEX; Schema: public; Owner: eventic_admin
--

CREATE INDEX notifications_permanentnotification_follow_id_8fd5d61e ON public.notifications_permanentnotification USING btree (follow_id);


--
-- Name: notifications_temporarynotification_follow_id_b604d0e7; Type: INDEX; Schema: public; Owner: eventic_admin
--

CREATE INDEX notifications_temporarynotification_follow_id_b604d0e7 ON public.notifications_temporarynotification USING btree (follow_id);


--
-- Name: profiles_baseprofile_city_id_5486607a; Type: INDEX; Schema: public; Owner: eventic_admin
--

CREATE INDEX profiles_baseprofile_city_id_5486607a ON public.profiles_baseprofile USING btree (city_id);


--
-- Name: profiles_organizeraddress_organizer_id_6bb329f1; Type: INDEX; Schema: public; Owner: eventic_admin
--

CREATE INDEX profiles_organizeraddress_organizer_id_6bb329f1 ON public.profiles_organizeraddress USING btree (organizer_id);


--
-- Name: profiles_phonenumber_organizer_id_eb1bbc72; Type: INDEX; Schema: public; Owner: eventic_admin
--

CREATE INDEX profiles_phonenumber_organizer_id_eb1bbc72 ON public.profiles_phonenumber USING btree (organizer_id);


--
-- Name: profiles_sociallink_organizer_id_b8fbe66d; Type: INDEX; Schema: public; Owner: eventic_admin
--

CREATE INDEX profiles_sociallink_organizer_id_b8fbe66d ON public.profiles_sociallink USING btree (organizer_id);


--
-- Name: profiles_user_events_baseevent_id_5ee6ab0a; Type: INDEX; Schema: public; Owner: eventic_admin
--

CREATE INDEX profiles_user_events_baseevent_id_5ee6ab0a ON public.profiles_user_events USING btree (baseevent_id);


--
-- Name: profiles_user_events_user_id_b5b8f49d; Type: INDEX; Schema: public; Owner: eventic_admin
--

CREATE INDEX profiles_user_events_user_id_b5b8f49d ON public.profiles_user_events USING btree (user_id);


--
-- Name: profiles_user_favourites_baseevent_id_e268ccd5; Type: INDEX; Schema: public; Owner: eventic_admin
--

CREATE INDEX profiles_user_favourites_baseevent_id_e268ccd5 ON public.profiles_user_favourites USING btree (baseevent_id);


--
-- Name: profiles_user_favourites_user_id_1edb542e; Type: INDEX; Schema: public; Owner: eventic_admin
--

CREATE INDEX profiles_user_favourites_user_id_1edb542e ON public.profiles_user_favourites USING btree (user_id);


--
-- Name: profiles_user_last_viewed_events_user_id_0d72bb71; Type: INDEX; Schema: public; Owner: eventic_admin
--

CREATE INDEX profiles_user_last_viewed_events_user_id_0d72bb71 ON public.profiles_user_last_viewed_events USING btree (user_id);


--
-- Name: profiles_user_last_viewed_events_viewedevent_id_6c043c4e; Type: INDEX; Schema: public; Owner: eventic_admin
--

CREATE INDEX profiles_user_last_viewed_events_viewedevent_id_6c043c4e ON public.profiles_user_last_viewed_events USING btree (viewedevent_id);


--
-- Name: profiles_viewedevent_event_id_6435ddb7; Type: INDEX; Schema: public; Owner: eventic_admin
--

CREATE INDEX profiles_viewedevent_event_id_6435ddb7 ON public.profiles_viewedevent USING btree (event_id);


--
-- Name: profiles_viewedevent_user_id_0825b2ac; Type: INDEX; Schema: public; Owner: eventic_admin
--

CREATE INDEX profiles_viewedevent_user_id_0825b2ac ON public.profiles_viewedevent USING btree (user_id);


--
-- Name: users_customuser_email_6445acef_like; Type: INDEX; Schema: public; Owner: eventic_admin
--

CREATE INDEX users_customuser_email_6445acef_like ON public.users_customuser USING btree (email varchar_pattern_ops);


--
-- Name: users_customuser_groups_customuser_id_958147bf; Type: INDEX; Schema: public; Owner: eventic_admin
--

CREATE INDEX users_customuser_groups_customuser_id_958147bf ON public.users_customuser_groups USING btree (customuser_id);


--
-- Name: users_customuser_groups_group_id_01390b14; Type: INDEX; Schema: public; Owner: eventic_admin
--

CREATE INDEX users_customuser_groups_group_id_01390b14 ON public.users_customuser_groups USING btree (group_id);


--
-- Name: users_customuser_user_permissions_customuser_id_5771478b; Type: INDEX; Schema: public; Owner: eventic_admin
--

CREATE INDEX users_customuser_user_permissions_customuser_id_5771478b ON public.users_customuser_user_permissions USING btree (customuser_id);


--
-- Name: users_customuser_user_permissions_permission_id_baaa2f74; Type: INDEX; Schema: public; Owner: eventic_admin
--

CREATE INDEX users_customuser_user_permissions_permission_id_baaa2f74 ON public.users_customuser_user_permissions USING btree (permission_id);


--
-- Name: auth_group_permissions auth_group_permissio_permission_id_84c5c92e_fk_auth_perm; Type: FK CONSTRAINT; Schema: public; Owner: eventic_admin
--

ALTER TABLE ONLY public.auth_group_permissions
    ADD CONSTRAINT auth_group_permissio_permission_id_84c5c92e_fk_auth_perm FOREIGN KEY (permission_id) REFERENCES public.auth_permission(id) DEFERRABLE INITIALLY DEFERRED;


--
-- Name: auth_group_permissions auth_group_permissions_group_id_b120cbf9_fk_auth_group_id; Type: FK CONSTRAINT; Schema: public; Owner: eventic_admin
--

ALTER TABLE ONLY public.auth_group_permissions
    ADD CONSTRAINT auth_group_permissions_group_id_b120cbf9_fk_auth_group_id FOREIGN KEY (group_id) REFERENCES public.auth_group(id) DEFERRABLE INITIALLY DEFERRED;


--
-- Name: auth_permission auth_permission_content_type_id_2f476e4b_fk_django_co; Type: FK CONSTRAINT; Schema: public; Owner: eventic_admin
--

ALTER TABLE ONLY public.auth_permission
    ADD CONSTRAINT auth_permission_content_type_id_2f476e4b_fk_django_co FOREIGN KEY (content_type_id) REFERENCES public.django_content_type(id) DEFERRABLE INITIALLY DEFERRED;


--
-- Name: django_admin_log django_admin_log_content_type_id_c4bce8eb_fk_django_co; Type: FK CONSTRAINT; Schema: public; Owner: eventic_admin
--

ALTER TABLE ONLY public.django_admin_log
    ADD CONSTRAINT django_admin_log_content_type_id_c4bce8eb_fk_django_co FOREIGN KEY (content_type_id) REFERENCES public.django_content_type(id) DEFERRABLE INITIALLY DEFERRED;


--
-- Name: django_admin_log django_admin_log_user_id_c564eba6_fk_users_customuser_id; Type: FK CONSTRAINT; Schema: public; Owner: eventic_admin
--

ALTER TABLE ONLY public.django_admin_log
    ADD CONSTRAINT django_admin_log_user_id_c564eba6_fk_users_customuser_id FOREIGN KEY (user_id) REFERENCES public.users_customuser(id) DEFERRABLE INITIALLY DEFERRED;


--
-- Name: django_celery_beat_periodictask django_celery_beat_p_clocked_id_47a69f82_fk_django_ce; Type: FK CONSTRAINT; Schema: public; Owner: eventic_admin
--

ALTER TABLE ONLY public.django_celery_beat_periodictask
    ADD CONSTRAINT django_celery_beat_p_clocked_id_47a69f82_fk_django_ce FOREIGN KEY (clocked_id) REFERENCES public.django_celery_beat_clockedschedule(id) DEFERRABLE INITIALLY DEFERRED;


--
-- Name: django_celery_beat_periodictask django_celery_beat_p_crontab_id_d3cba168_fk_django_ce; Type: FK CONSTRAINT; Schema: public; Owner: eventic_admin
--

ALTER TABLE ONLY public.django_celery_beat_periodictask
    ADD CONSTRAINT django_celery_beat_p_crontab_id_d3cba168_fk_django_ce FOREIGN KEY (crontab_id) REFERENCES public.django_celery_beat_crontabschedule(id) DEFERRABLE INITIALLY DEFERRED;


--
-- Name: django_celery_beat_periodictask django_celery_beat_p_interval_id_a8ca27da_fk_django_ce; Type: FK CONSTRAINT; Schema: public; Owner: eventic_admin
--

ALTER TABLE ONLY public.django_celery_beat_periodictask
    ADD CONSTRAINT django_celery_beat_p_interval_id_a8ca27da_fk_django_ce FOREIGN KEY (interval_id) REFERENCES public.django_celery_beat_intervalschedule(id) DEFERRABLE INITIALLY DEFERRED;


--
-- Name: django_celery_beat_periodictask django_celery_beat_p_solar_id_a87ce72c_fk_django_ce; Type: FK CONSTRAINT; Schema: public; Owner: eventic_admin
--

ALTER TABLE ONLY public.django_celery_beat_periodictask
    ADD CONSTRAINT django_celery_beat_p_solar_id_a87ce72c_fk_django_ce FOREIGN KEY (solar_id) REFERENCES public.django_celery_beat_solarschedule(id) DEFERRABLE INITIALLY DEFERRED;


--
-- Name: events_baseevent events_baseevent_category_id_da07c1fa_fk_events_category_id; Type: FK CONSTRAINT; Schema: public; Owner: eventic_admin
--

ALTER TABLE ONLY public.events_baseevent
    ADD CONSTRAINT events_baseevent_category_id_da07c1fa_fk_events_category_id FOREIGN KEY (category_id) REFERENCES public.events_category(id) DEFERRABLE INITIALLY DEFERRED;


--
-- Name: events_baseevent events_baseevent_city_id_a68ddabf_fk_locations_city_id; Type: FK CONSTRAINT; Schema: public; Owner: eventic_admin
--

ALTER TABLE ONLY public.events_baseevent
    ADD CONSTRAINT events_baseevent_city_id_a68ddabf_fk_locations_city_id FOREIGN KEY (city_id) REFERENCES public.locations_city(id) DEFERRABLE INITIALLY DEFERRED;


--
-- Name: events_baseevent_interests events_baseevent_int_baseevent_id_7921c324_fk_events_ba; Type: FK CONSTRAINT; Schema: public; Owner: eventic_admin
--

ALTER TABLE ONLY public.events_baseevent_interests
    ADD CONSTRAINT events_baseevent_int_baseevent_id_7921c324_fk_events_ba FOREIGN KEY (baseevent_id) REFERENCES public.events_baseevent(id) DEFERRABLE INITIALLY DEFERRED;


--
-- Name: events_baseevent_interests events_baseevent_int_interests_id_c12d4072_fk_events_in; Type: FK CONSTRAINT; Schema: public; Owner: eventic_admin
--

ALTER TABLE ONLY public.events_baseevent_interests
    ADD CONSTRAINT events_baseevent_int_interests_id_c12d4072_fk_events_in FOREIGN KEY (interests_id) REFERENCES public.events_interests(id) DEFERRABLE INITIALLY DEFERRED;


--
-- Name: events_baseevent_language events_baseevent_lan_baseevent_id_f1b8d06c_fk_events_ba; Type: FK CONSTRAINT; Schema: public; Owner: eventic_admin
--

ALTER TABLE ONLY public.events_baseevent_language
    ADD CONSTRAINT events_baseevent_lan_baseevent_id_f1b8d06c_fk_events_ba FOREIGN KEY (baseevent_id) REFERENCES public.events_baseevent(id) DEFERRABLE INITIALLY DEFERRED;


--
-- Name: events_baseevent_language events_baseevent_lan_language_id_429a48f3_fk_events_la; Type: FK CONSTRAINT; Schema: public; Owner: eventic_admin
--

ALTER TABLE ONLY public.events_baseevent_language
    ADD CONSTRAINT events_baseevent_lan_language_id_429a48f3_fk_events_la FOREIGN KEY (language_id) REFERENCES public.events_language(id) DEFERRABLE INITIALLY DEFERRED;


--
-- Name: events_baseevent events_baseevent_organizer_id_1ef92828_fk_profiles_; Type: FK CONSTRAINT; Schema: public; Owner: eventic_admin
--

ALTER TABLE ONLY public.events_baseevent
    ADD CONSTRAINT events_baseevent_organizer_id_1ef92828_fk_profiles_ FOREIGN KEY (organizer_id) REFERENCES public.profiles_organizer(baseprofile_ptr_id) DEFERRABLE INITIALLY DEFERRED;


--
-- Name: events_eventbanner events_eventbanner_event_id_3e6d5a59_fk_events_baseevent_id; Type: FK CONSTRAINT; Schema: public; Owner: eventic_admin
--

ALTER TABLE ONLY public.events_eventbanner
    ADD CONSTRAINT events_eventbanner_event_id_3e6d5a59_fk_events_baseevent_id FOREIGN KEY (event_id) REFERENCES public.events_baseevent(id) DEFERRABLE INITIALLY DEFERRED;


--
-- Name: events_eventdate events_eventdate_eventtime_ptr_id_e659e29a_fk_events_ev; Type: FK CONSTRAINT; Schema: public; Owner: eventic_admin
--

ALTER TABLE ONLY public.events_eventdate
    ADD CONSTRAINT events_eventdate_eventtime_ptr_id_e659e29a_fk_events_ev FOREIGN KEY (eventtime_ptr_id) REFERENCES public.events_eventtime(id) DEFERRABLE INITIALLY DEFERRED;


--
-- Name: events_eventdate events_eventdate_temp_id_7757501e_fk_events_te; Type: FK CONSTRAINT; Schema: public; Owner: eventic_admin
--

ALTER TABLE ONLY public.events_eventdate
    ADD CONSTRAINT events_eventdate_temp_id_7757501e_fk_events_te FOREIGN KEY (temp_id) REFERENCES public.events_temporaryevent(baseevent_ptr_id) DEFERRABLE INITIALLY DEFERRED;


--
-- Name: events_permanentevent events_permanenteven_baseevent_ptr_id_cad541c7_fk_events_ba; Type: FK CONSTRAINT; Schema: public; Owner: eventic_admin
--

ALTER TABLE ONLY public.events_permanentevent
    ADD CONSTRAINT events_permanenteven_baseevent_ptr_id_cad541c7_fk_events_ba FOREIGN KEY (baseevent_ptr_id) REFERENCES public.events_baseevent(id) DEFERRABLE INITIALLY DEFERRED;


--
-- Name: events_permanenteventdays events_permanenteven_eventtime_ptr_id_46afb555_fk_events_ev; Type: FK CONSTRAINT; Schema: public; Owner: eventic_admin
--

ALTER TABLE ONLY public.events_permanenteventdays
    ADD CONSTRAINT events_permanenteven_eventtime_ptr_id_46afb555_fk_events_ev FOREIGN KEY (eventtime_ptr_id) REFERENCES public.events_eventtime(id) DEFERRABLE INITIALLY DEFERRED;


--
-- Name: events_permanenteventdays events_permanenteven_permanent_event_id_79ba6576_fk_events_pe; Type: FK CONSTRAINT; Schema: public; Owner: eventic_admin
--

ALTER TABLE ONLY public.events_permanenteventdays
    ADD CONSTRAINT events_permanenteven_permanent_event_id_79ba6576_fk_events_pe FOREIGN KEY (permanent_event_id) REFERENCES public.events_permanentevent(baseevent_ptr_id) DEFERRABLE INITIALLY DEFERRED;


--
-- Name: events_temporaryevent events_temporaryeven_baseevent_ptr_id_2cb2efbf_fk_events_ba; Type: FK CONSTRAINT; Schema: public; Owner: eventic_admin
--

ALTER TABLE ONLY public.events_temporaryevent
    ADD CONSTRAINT events_temporaryeven_baseevent_ptr_id_2cb2efbf_fk_events_ba FOREIGN KEY (baseevent_ptr_id) REFERENCES public.events_baseevent(id) DEFERRABLE INITIALLY DEFERRED;


--
-- Name: invitations_contact invitations_contact_user_id_b6535dc6_fk_profiles_; Type: FK CONSTRAINT; Schema: public; Owner: eventic_admin
--

ALTER TABLE ONLY public.invitations_contact
    ADD CONSTRAINT invitations_contact_user_id_b6535dc6_fk_profiles_ FOREIGN KEY (user_id) REFERENCES public.profiles_user(baseprofile_ptr_id) DEFERRABLE INITIALLY DEFERRED;


--
-- Name: locations_address locations_address_city_id_36f7f452_fk_locations_city_id; Type: FK CONSTRAINT; Schema: public; Owner: eventic_admin
--

ALTER TABLE ONLY public.locations_address
    ADD CONSTRAINT locations_address_city_id_36f7f452_fk_locations_city_id FOREIGN KEY (city_id) REFERENCES public.locations_city(id) DEFERRABLE INITIALLY DEFERRED;


--
-- Name: locations_city locations_city_region_id_785206de_fk_locations_region_id; Type: FK CONSTRAINT; Schema: public; Owner: eventic_admin
--

ALTER TABLE ONLY public.locations_city
    ADD CONSTRAINT locations_city_region_id_785206de_fk_locations_region_id FOREIGN KEY (region_id) REFERENCES public.locations_region(id) DEFERRABLE INITIALLY DEFERRED;


--
-- Name: locations_region locations_region_country_id_9aae9082_fk_locations_country_id; Type: FK CONSTRAINT; Schema: public; Owner: eventic_admin
--

ALTER TABLE ONLY public.locations_region
    ADD CONSTRAINT locations_region_country_id_9aae9082_fk_locations_country_id FOREIGN KEY (country_id) REFERENCES public.locations_country(id) DEFERRABLE INITIALLY DEFERRED;


--
-- Name: notifications_followperm notifications_follow_event_id_a9eb1c8e_fk_events_pe; Type: FK CONSTRAINT; Schema: public; Owner: eventic_admin
--

ALTER TABLE ONLY public.notifications_followperm
    ADD CONSTRAINT notifications_follow_event_id_a9eb1c8e_fk_events_pe FOREIGN KEY (event_id) REFERENCES public.events_permanenteventdays(eventtime_ptr_id) DEFERRABLE INITIALLY DEFERRED;


--
-- Name: notifications_followtemp notifications_follow_event_id_d7830096_fk_events_ev; Type: FK CONSTRAINT; Schema: public; Owner: eventic_admin
--

ALTER TABLE ONLY public.notifications_followtemp
    ADD CONSTRAINT notifications_follow_event_id_d7830096_fk_events_ev FOREIGN KEY (event_id) REFERENCES public.events_eventdate(eventtime_ptr_id) DEFERRABLE INITIALLY DEFERRED;


--
-- Name: notifications_followtemp notifications_follow_followbase_ptr_id_02f20519_fk_notificat; Type: FK CONSTRAINT; Schema: public; Owner: eventic_admin
--

ALTER TABLE ONLY public.notifications_followtemp
    ADD CONSTRAINT notifications_follow_followbase_ptr_id_02f20519_fk_notificat FOREIGN KEY (followbase_ptr_id) REFERENCES public.notifications_followbase(id) DEFERRABLE INITIALLY DEFERRED;


--
-- Name: notifications_followperm notifications_follow_followbase_ptr_id_54dd247c_fk_notificat; Type: FK CONSTRAINT; Schema: public; Owner: eventic_admin
--

ALTER TABLE ONLY public.notifications_followperm
    ADD CONSTRAINT notifications_follow_followbase_ptr_id_54dd247c_fk_notificat FOREIGN KEY (followbase_ptr_id) REFERENCES public.notifications_followbase(id) DEFERRABLE INITIALLY DEFERRED;


--
-- Name: notifications_followorg notifications_follow_followbase_ptr_id_d342f550_fk_notificat; Type: FK CONSTRAINT; Schema: public; Owner: eventic_admin
--

ALTER TABLE ONLY public.notifications_followorg
    ADD CONSTRAINT notifications_follow_followbase_ptr_id_d342f550_fk_notificat FOREIGN KEY (followbase_ptr_id) REFERENCES public.notifications_followbase(id) DEFERRABLE INITIALLY DEFERRED;


--
-- Name: notifications_followorg notifications_follow_organizer_id_771c9ecf_fk_profiles_; Type: FK CONSTRAINT; Schema: public; Owner: eventic_admin
--

ALTER TABLE ONLY public.notifications_followorg
    ADD CONSTRAINT notifications_follow_organizer_id_771c9ecf_fk_profiles_ FOREIGN KEY (organizer_id) REFERENCES public.profiles_organizer(baseprofile_ptr_id) DEFERRABLE INITIALLY DEFERRED;


--
-- Name: notifications_followbase notifications_follow_user_id_aba8d623_fk_profiles_; Type: FK CONSTRAINT; Schema: public; Owner: eventic_admin
--

ALTER TABLE ONLY public.notifications_followbase
    ADD CONSTRAINT notifications_follow_user_id_aba8d623_fk_profiles_ FOREIGN KEY (user_id) REFERENCES public.profiles_user(baseprofile_ptr_id) DEFERRABLE INITIALLY DEFERRED;


--
-- Name: notifications_organizationnotification notifications_organi_basenotification_ptr_8e4ccb18_fk_notificat; Type: FK CONSTRAINT; Schema: public; Owner: eventic_admin
--

ALTER TABLE ONLY public.notifications_organizationnotification
    ADD CONSTRAINT notifications_organi_basenotification_ptr_8e4ccb18_fk_notificat FOREIGN KEY (basenotification_ptr_id) REFERENCES public.notifications_basenotification(id) DEFERRABLE INITIALLY DEFERRED;


--
-- Name: notifications_organizationnotification notifications_organi_event_id_25cb7e78_fk_events_ba; Type: FK CONSTRAINT; Schema: public; Owner: eventic_admin
--

ALTER TABLE ONLY public.notifications_organizationnotification
    ADD CONSTRAINT notifications_organi_event_id_25cb7e78_fk_events_ba FOREIGN KEY (event_id) REFERENCES public.events_baseevent(id) DEFERRABLE INITIALLY DEFERRED;


--
-- Name: notifications_organizationnotification notifications_organi_follow_id_403b9236_fk_notificat; Type: FK CONSTRAINT; Schema: public; Owner: eventic_admin
--

ALTER TABLE ONLY public.notifications_organizationnotification
    ADD CONSTRAINT notifications_organi_follow_id_403b9236_fk_notificat FOREIGN KEY (follow_id) REFERENCES public.notifications_followorg(followbase_ptr_id) DEFERRABLE INITIALLY DEFERRED;


--
-- Name: notifications_permanentnotification notifications_perman_basenotification_ptr_a3e01596_fk_notificat; Type: FK CONSTRAINT; Schema: public; Owner: eventic_admin
--

ALTER TABLE ONLY public.notifications_permanentnotification
    ADD CONSTRAINT notifications_perman_basenotification_ptr_a3e01596_fk_notificat FOREIGN KEY (basenotification_ptr_id) REFERENCES public.notifications_basenotification(id) DEFERRABLE INITIALLY DEFERRED;


--
-- Name: notifications_permanentnotification notifications_perman_follow_id_8fd5d61e_fk_notificat; Type: FK CONSTRAINT; Schema: public; Owner: eventic_admin
--

ALTER TABLE ONLY public.notifications_permanentnotification
    ADD CONSTRAINT notifications_perman_follow_id_8fd5d61e_fk_notificat FOREIGN KEY (follow_id) REFERENCES public.notifications_followperm(followbase_ptr_id) DEFERRABLE INITIALLY DEFERRED;


--
-- Name: notifications_temporarynotification notifications_tempor_basenotification_ptr_2f1c1c42_fk_notificat; Type: FK CONSTRAINT; Schema: public; Owner: eventic_admin
--

ALTER TABLE ONLY public.notifications_temporarynotification
    ADD CONSTRAINT notifications_tempor_basenotification_ptr_2f1c1c42_fk_notificat FOREIGN KEY (basenotification_ptr_id) REFERENCES public.notifications_basenotification(id) DEFERRABLE INITIALLY DEFERRED;


--
-- Name: notifications_temporarynotification notifications_tempor_follow_id_b604d0e7_fk_notificat; Type: FK CONSTRAINT; Schema: public; Owner: eventic_admin
--

ALTER TABLE ONLY public.notifications_temporarynotification
    ADD CONSTRAINT notifications_tempor_follow_id_b604d0e7_fk_notificat FOREIGN KEY (follow_id) REFERENCES public.notifications_followtemp(followbase_ptr_id) DEFERRABLE INITIALLY DEFERRED;


--
-- Name: profiles_baseprofile profiles_baseprofile_city_id_5486607a_fk_locations_city_id; Type: FK CONSTRAINT; Schema: public; Owner: eventic_admin
--

ALTER TABLE ONLY public.profiles_baseprofile
    ADD CONSTRAINT profiles_baseprofile_city_id_5486607a_fk_locations_city_id FOREIGN KEY (city_id) REFERENCES public.locations_city(id) DEFERRABLE INITIALLY DEFERRED;


--
-- Name: profiles_baseprofile profiles_baseprofile_customuser_ptr_id_9d59afb2_fk_users_cus; Type: FK CONSTRAINT; Schema: public; Owner: eventic_admin
--

ALTER TABLE ONLY public.profiles_baseprofile
    ADD CONSTRAINT profiles_baseprofile_customuser_ptr_id_9d59afb2_fk_users_cus FOREIGN KEY (customuser_ptr_id) REFERENCES public.users_customuser(id) DEFERRABLE INITIALLY DEFERRED;


--
-- Name: profiles_organizer profiles_organizer_baseprofile_ptr_id_db8d031a_fk_profiles_; Type: FK CONSTRAINT; Schema: public; Owner: eventic_admin
--

ALTER TABLE ONLY public.profiles_organizer
    ADD CONSTRAINT profiles_organizer_baseprofile_ptr_id_db8d031a_fk_profiles_ FOREIGN KEY (baseprofile_ptr_id) REFERENCES public.profiles_baseprofile(customuser_ptr_id) DEFERRABLE INITIALLY DEFERRED;


--
-- Name: profiles_organizeraddress profiles_organizerad_organizer_id_6bb329f1_fk_profiles_; Type: FK CONSTRAINT; Schema: public; Owner: eventic_admin
--

ALTER TABLE ONLY public.profiles_organizeraddress
    ADD CONSTRAINT profiles_organizerad_organizer_id_6bb329f1_fk_profiles_ FOREIGN KEY (organizer_id) REFERENCES public.profiles_organizer(baseprofile_ptr_id) DEFERRABLE INITIALLY DEFERRED;


--
-- Name: profiles_phonenumber profiles_phonenumber_organizer_id_eb1bbc72_fk_profiles_; Type: FK CONSTRAINT; Schema: public; Owner: eventic_admin
--

ALTER TABLE ONLY public.profiles_phonenumber
    ADD CONSTRAINT profiles_phonenumber_organizer_id_eb1bbc72_fk_profiles_ FOREIGN KEY (organizer_id) REFERENCES public.profiles_organizer(baseprofile_ptr_id) DEFERRABLE INITIALLY DEFERRED;


--
-- Name: profiles_sociallink profiles_sociallink_organizer_id_b8fbe66d_fk_profiles_; Type: FK CONSTRAINT; Schema: public; Owner: eventic_admin
--

ALTER TABLE ONLY public.profiles_sociallink
    ADD CONSTRAINT profiles_sociallink_organizer_id_b8fbe66d_fk_profiles_ FOREIGN KEY (organizer_id) REFERENCES public.profiles_organizer(baseprofile_ptr_id) DEFERRABLE INITIALLY DEFERRED;


--
-- Name: profiles_user profiles_user_baseprofile_ptr_id_915caba7_fk_profiles_; Type: FK CONSTRAINT; Schema: public; Owner: eventic_admin
--

ALTER TABLE ONLY public.profiles_user
    ADD CONSTRAINT profiles_user_baseprofile_ptr_id_915caba7_fk_profiles_ FOREIGN KEY (baseprofile_ptr_id) REFERENCES public.profiles_baseprofile(customuser_ptr_id) DEFERRABLE INITIALLY DEFERRED;


--
-- Name: profiles_user_events profiles_user_events_baseevent_id_5ee6ab0a_fk_events_ba; Type: FK CONSTRAINT; Schema: public; Owner: eventic_admin
--

ALTER TABLE ONLY public.profiles_user_events
    ADD CONSTRAINT profiles_user_events_baseevent_id_5ee6ab0a_fk_events_ba FOREIGN KEY (baseevent_id) REFERENCES public.events_baseevent(id) DEFERRABLE INITIALLY DEFERRED;


--
-- Name: profiles_user_events profiles_user_events_user_id_b5b8f49d_fk_profiles_; Type: FK CONSTRAINT; Schema: public; Owner: eventic_admin
--

ALTER TABLE ONLY public.profiles_user_events
    ADD CONSTRAINT profiles_user_events_user_id_b5b8f49d_fk_profiles_ FOREIGN KEY (user_id) REFERENCES public.profiles_user(baseprofile_ptr_id) DEFERRABLE INITIALLY DEFERRED;


--
-- Name: profiles_user_favourites profiles_user_favour_baseevent_id_e268ccd5_fk_events_ba; Type: FK CONSTRAINT; Schema: public; Owner: eventic_admin
--

ALTER TABLE ONLY public.profiles_user_favourites
    ADD CONSTRAINT profiles_user_favour_baseevent_id_e268ccd5_fk_events_ba FOREIGN KEY (baseevent_id) REFERENCES public.events_baseevent(id) DEFERRABLE INITIALLY DEFERRED;


--
-- Name: profiles_user_favourites profiles_user_favour_user_id_1edb542e_fk_profiles_; Type: FK CONSTRAINT; Schema: public; Owner: eventic_admin
--

ALTER TABLE ONLY public.profiles_user_favourites
    ADD CONSTRAINT profiles_user_favour_user_id_1edb542e_fk_profiles_ FOREIGN KEY (user_id) REFERENCES public.profiles_user(baseprofile_ptr_id) DEFERRABLE INITIALLY DEFERRED;


--
-- Name: profiles_user_last_viewed_events profiles_user_last_v_user_id_0d72bb71_fk_profiles_; Type: FK CONSTRAINT; Schema: public; Owner: eventic_admin
--

ALTER TABLE ONLY public.profiles_user_last_viewed_events
    ADD CONSTRAINT profiles_user_last_v_user_id_0d72bb71_fk_profiles_ FOREIGN KEY (user_id) REFERENCES public.profiles_user(baseprofile_ptr_id) DEFERRABLE INITIALLY DEFERRED;


--
-- Name: profiles_user_last_viewed_events profiles_user_last_v_viewedevent_id_6c043c4e_fk_profiles_; Type: FK CONSTRAINT; Schema: public; Owner: eventic_admin
--

ALTER TABLE ONLY public.profiles_user_last_viewed_events
    ADD CONSTRAINT profiles_user_last_v_viewedevent_id_6c043c4e_fk_profiles_ FOREIGN KEY (viewedevent_id) REFERENCES public.profiles_viewedevent(id) DEFERRABLE INITIALLY DEFERRED;


--
-- Name: profiles_viewedevent profiles_viewedevent_event_id_6435ddb7_fk_events_baseevent_id; Type: FK CONSTRAINT; Schema: public; Owner: eventic_admin
--

ALTER TABLE ONLY public.profiles_viewedevent
    ADD CONSTRAINT profiles_viewedevent_event_id_6435ddb7_fk_events_baseevent_id FOREIGN KEY (event_id) REFERENCES public.events_baseevent(id) DEFERRABLE INITIALLY DEFERRED;


--
-- Name: profiles_viewedevent profiles_viewedevent_user_id_0825b2ac_fk_profiles_; Type: FK CONSTRAINT; Schema: public; Owner: eventic_admin
--

ALTER TABLE ONLY public.profiles_viewedevent
    ADD CONSTRAINT profiles_viewedevent_user_id_0825b2ac_fk_profiles_ FOREIGN KEY (user_id) REFERENCES public.profiles_user(baseprofile_ptr_id) DEFERRABLE INITIALLY DEFERRED;


--
-- Name: users_customuser_groups users_customuser_gro_customuser_id_958147bf_fk_users_cus; Type: FK CONSTRAINT; Schema: public; Owner: eventic_admin
--

ALTER TABLE ONLY public.users_customuser_groups
    ADD CONSTRAINT users_customuser_gro_customuser_id_958147bf_fk_users_cus FOREIGN KEY (customuser_id) REFERENCES public.users_customuser(id) DEFERRABLE INITIALLY DEFERRED;


--
-- Name: users_customuser_groups users_customuser_groups_group_id_01390b14_fk_auth_group_id; Type: FK CONSTRAINT; Schema: public; Owner: eventic_admin
--

ALTER TABLE ONLY public.users_customuser_groups
    ADD CONSTRAINT users_customuser_groups_group_id_01390b14_fk_auth_group_id FOREIGN KEY (group_id) REFERENCES public.auth_group(id) DEFERRABLE INITIALLY DEFERRED;


--
-- Name: users_customuser_user_permissions users_customuser_use_customuser_id_5771478b_fk_users_cus; Type: FK CONSTRAINT; Schema: public; Owner: eventic_admin
--

ALTER TABLE ONLY public.users_customuser_user_permissions
    ADD CONSTRAINT users_customuser_use_customuser_id_5771478b_fk_users_cus FOREIGN KEY (customuser_id) REFERENCES public.users_customuser(id) DEFERRABLE INITIALLY DEFERRED;


--
-- Name: users_customuser_user_permissions users_customuser_use_permission_id_baaa2f74_fk_auth_perm; Type: FK CONSTRAINT; Schema: public; Owner: eventic_admin
--

ALTER TABLE ONLY public.users_customuser_user_permissions
    ADD CONSTRAINT users_customuser_use_permission_id_baaa2f74_fk_auth_perm FOREIGN KEY (permission_id) REFERENCES public.auth_permission(id) DEFERRABLE INITIALLY DEFERRED;


--
-- PostgreSQL database dump complete
--

